0 verbose cli /usr/local/bin/node /usr/local/bin/npm
1 info using npm@10.9.2
2 info using node@v22.14.0
3 silly config load:file:/usr/local/lib/node_modules/npm/npmrc
4 silly config load:file:/Users/brodynelson/Library/CloudStorage/OneDrive-UniversityofMissouri/PROJECTS/project/.npmrc
5 silly config load:file:/Users/brodynelson/.npmrc
6 silly config load:file:/usr/local/etc/npmrc
7 verbose title npm install
8 verbose argv "install" "--legacy-peer-deps" "--cache" "./npm-cache"
9 verbose logfile logs-max:10 dir:/Users/brodynelson/Library/CloudStorage/OneDrive-UniversityofMissouri/PROJECTS/project/npm-cache/_logs/2025-04-22T03_05_41_288Z-
10 verbose logfile /Users/brodynelson/Library/CloudStorage/OneDrive-UniversityofMissouri/PROJECTS/project/npm-cache/_logs/2025-04-22T03_05_41_288Z-debug-0.log
11 silly logfile done cleaning log files
12 silly packumentCache heap:4345298944 maxSize:1086324736 maxEntrySize:543162368
13 silly idealTree buildDeps
14 silly reify moves {}
15 silly audit bulk request {
15 silly audit   '@ampproject/remapping': [ '2.3.0' ],
15 silly audit   '@angular-devkit/architect': [ '0.1900.7' ],
15 silly audit   '@angular-devkit/core': [ '19.0.7' ],
15 silly audit   '@angular-devkit/schematics': [ '19.0.7' ],
15 silly audit   '@angular/animations': [ '19.0.6' ],
15 silly audit   '@angular/build': [ '19.0.7' ],
15 silly audit   '@angular/cli': [ '19.0.7' ],
15 silly audit   '@angular/common': [ '19.0.6' ],
15 silly audit   '@angular/compiler': [ '19.0.6' ],
15 silly audit   '@angular/compiler-cli': [ '19.0.6' ],
15 silly audit   '@angular/core': [ '19.0.6' ],
15 silly audit   '@angular/forms': [ '19.0.6' ],
15 silly audit   '@angular/material': [ '19.2.10' ],
15 silly audit   '@angular/platform-browser': [ '19.0.6' ],
15 silly audit   '@angular/platform-browser-dynamic': [ '19.2.7' ],
15 silly audit   '@angular/router': [ '19.0.6' ],
15 silly audit   '@babel/code-frame': [ '7.26.2' ],
15 silly audit   '@babel/compat-data': [ '7.26.2' ],
15 silly audit   '@babel/core': [ '7.26.0' ],
15 silly audit   'convert-source-map': [ '2.0.0', '1.9.0' ],
15 silly audit   semver: [ '6.3.1', '7.6.3' ],
15 silly audit   '@babel/generator': [ '7.26.2' ],
15 silly audit   '@babel/helper-annotate-as-pure': [ '7.25.9' ],
15 silly audit   '@babel/helper-compilation-targets': [ '7.25.9' ],
15 silly audit   '@babel/helper-module-imports': [ '7.25.9' ],
15 silly audit   '@babel/helper-module-transforms': [ '7.26.0' ],
15 silly audit   '@babel/helper-plugin-utils': [ '7.25.9' ],
15 silly audit   '@babel/helper-split-export-declaration': [ '7.24.7' ],
15 silly audit   '@babel/helper-string-parser': [ '7.25.9' ],
15 silly audit   '@babel/helper-validator-identifier': [ '7.25.9' ],
15 silly audit   '@babel/helper-validator-option': [ '7.25.9' ],
15 silly audit   '@babel/helpers': [ '7.26.0' ],
15 silly audit   '@babel/parser': [ '7.26.2' ],
15 silly audit   '@babel/plugin-syntax-import-attributes': [ '7.26.0' ],
15 silly audit   '@babel/template': [ '7.25.9' ],
15 silly audit   '@babel/traverse': [ '7.25.9' ],
15 silly audit   '@babel/types': [ '7.26.0' ],
15 silly audit   '@esbuild/aix-ppc64': [ '0.24.0', '0.21.5' ],
15 silly audit   '@esbuild/android-arm': [ '0.24.0', '0.21.5' ],
15 silly audit   '@esbuild/android-arm64': [ '0.24.0', '0.21.5' ],
15 silly audit   '@esbuild/android-x64': [ '0.24.0', '0.21.5' ],
15 silly audit   '@esbuild/darwin-arm64': [ '0.24.0', '0.21.5' ],
15 silly audit   '@esbuild/darwin-x64': [ '0.24.0', '0.21.5' ],
15 silly audit   '@esbuild/freebsd-arm64': [ '0.24.0', '0.21.5' ],
15 silly audit   '@esbuild/freebsd-x64': [ '0.24.0', '0.21.5' ],
15 silly audit   '@esbuild/linux-arm': [ '0.24.0', '0.21.5' ],
15 silly audit   '@esbuild/linux-arm64': [ '0.24.0', '0.21.5' ],
15 silly audit   '@esbuild/linux-ia32': [ '0.24.0', '0.21.5' ],
15 silly audit   '@esbuild/linux-loong64': [ '0.24.0', '0.21.5' ],
15 silly audit   '@esbuild/linux-mips64el': [ '0.24.0', '0.21.5' ],
15 silly audit   '@esbuild/linux-ppc64': [ '0.24.0', '0.21.5' ],
15 silly audit   '@esbuild/linux-riscv64': [ '0.24.0', '0.21.5' ],
15 silly audit   '@esbuild/linux-s390x': [ '0.24.0', '0.21.5' ],
15 silly audit   '@esbuild/linux-x64': [ '0.24.0', '0.21.5' ],
15 silly audit   '@esbuild/netbsd-x64': [ '0.24.0', '0.21.5' ],
15 silly audit   '@esbuild/openbsd-arm64': [ '0.24.0' ],
15 silly audit   '@esbuild/openbsd-x64': [ '0.24.0', '0.21.5' ],
15 silly audit   '@esbuild/sunos-x64': [ '0.24.0', '0.21.5' ],
15 silly audit   '@esbuild/win32-arm64': [ '0.24.0', '0.21.5' ],
15 silly audit   '@esbuild/win32-ia32': [ '0.24.0', '0.21.5' ],
15 silly audit   '@esbuild/win32-x64': [ '0.24.0', '0.21.5' ],
15 silly audit   '@inquirer/checkbox': [ '4.0.2' ],
15 silly audit   '@inquirer/confirm': [ '5.0.2' ],
15 silly audit   '@inquirer/core': [ '10.1.0' ],
15 silly audit   '@inquirer/editor': [ '4.1.0' ],
15 silly audit   '@inquirer/expand': [ '4.0.2' ],
15 silly audit   '@inquirer/figures': [ '1.0.8' ],
15 silly audit   '@inquirer/input': [ '4.0.2' ],
15 silly audit   '@inquirer/number': [ '3.0.2' ],
15 silly audit   '@inquirer/password': [ '4.0.2' ],
15 silly audit   '@inquirer/prompts': [ '7.1.0' ],
15 silly audit   '@inquirer/rawlist': [ '4.0.2' ],
15 silly audit   '@inquirer/search': [ '3.0.2' ],
15 silly audit   '@inquirer/select': [ '4.0.2' ],
15 silly audit   '@inquirer/type': [ '3.0.1', '1.5.5' ],
15 silly audit   '@isaacs/cliui': [ '8.0.2' ],
15 silly audit   'ansi-regex': [ '6.1.0', '5.0.1' ],
15 silly audit   'emoji-regex': [ '9.2.2', '8.0.0', '10.4.0' ],
15 silly audit   'string-width': [ '5.1.2', '4.2.3', '7.2.0' ],
15 silly audit   'strip-ansi': [ '7.1.0', '6.0.1' ],
15 silly audit   'wrap-ansi': [ '8.1.0', '7.0.0', '9.0.0', '6.2.0' ],
15 silly audit   '@isaacs/fs-minipass': [ '4.0.1' ],
15 silly audit   '@istanbuljs/schema': [ '0.1.3' ],
15 silly audit   '@jridgewell/gen-mapping': [ '0.3.5' ],
15 silly audit   '@jridgewell/resolve-uri': [ '3.1.2' ],
15 silly audit   '@jridgewell/set-array': [ '1.2.1' ],
15 silly audit   '@jridgewell/sourcemap-codec': [ '1.5.0' ],
15 silly audit   '@jridgewell/trace-mapping': [ '0.3.25' ],
15 silly audit   '@listr2/prompt-adapter-inquirer': [ '2.0.18' ],
15 silly audit   'mute-stream': [ '1.0.0', '2.0.0' ],
15 silly audit   '@lmdb/lmdb-darwin-arm64': [ '3.1.5' ],
15 silly audit   '@lmdb/lmdb-darwin-x64': [ '3.1.5' ],
15 silly audit   '@lmdb/lmdb-linux-arm': [ '3.1.5' ],
15 silly audit   '@lmdb/lmdb-linux-arm64': [ '3.1.5' ],
15 silly audit   '@lmdb/lmdb-linux-x64': [ '3.1.5' ],
15 silly audit   '@lmdb/lmdb-win32-x64': [ '3.1.5' ],
15 silly audit   '@msgpackr-extract/msgpackr-extract-darwin-arm64': [ '3.0.3' ],
15 silly audit   '@msgpackr-extract/msgpackr-extract-darwin-x64': [ '3.0.3' ],
15 silly audit   '@msgpackr-extract/msgpackr-extract-linux-arm': [ '3.0.3' ],
15 silly audit   '@msgpackr-extract/msgpackr-extract-linux-arm64': [ '3.0.3' ],
15 silly audit   '@msgpackr-extract/msgpackr-extract-linux-x64': [ '3.0.3' ],
15 silly audit   '@msgpackr-extract/msgpackr-extract-win32-x64': [ '3.0.3' ],
15 silly audit   '@napi-rs/nice': [ '1.0.1' ],
15 silly audit   '@napi-rs/nice-android-arm-eabi': [ '1.0.1' ],
15 silly audit   '@napi-rs/nice-android-arm64': [ '1.0.1' ],
15 silly audit   '@napi-rs/nice-darwin-arm64': [ '1.0.1' ],
15 silly audit   '@napi-rs/nice-darwin-x64': [ '1.0.1' ],
15 silly audit   '@napi-rs/nice-freebsd-x64': [ '1.0.1' ],
15 silly audit   '@napi-rs/nice-linux-arm-gnueabihf': [ '1.0.1' ],
15 silly audit   '@napi-rs/nice-linux-arm64-gnu': [ '1.0.1' ],
15 silly audit   '@napi-rs/nice-linux-arm64-musl': [ '1.0.1' ],
15 silly audit   '@napi-rs/nice-linux-ppc64-gnu': [ '1.0.1' ],
15 silly audit   '@napi-rs/nice-linux-riscv64-gnu': [ '1.0.1' ],
15 silly audit   '@napi-rs/nice-linux-s390x-gnu': [ '1.0.1' ],
15 silly audit   '@napi-rs/nice-linux-x64-gnu': [ '1.0.1' ],
15 silly audit   '@napi-rs/nice-linux-x64-musl': [ '1.0.1' ],
15 silly audit   '@napi-rs/nice-win32-arm64-msvc': [ '1.0.1' ],
15 silly audit   '@napi-rs/nice-win32-ia32-msvc': [ '1.0.1' ],
15 silly audit   '@napi-rs/nice-win32-x64-msvc': [ '1.0.1' ],
15 silly audit   '@nodelib/fs.scandir': [ '2.1.5' ],
15 silly audit   '@nodelib/fs.stat': [ '2.0.5' ],
15 silly audit   '@nodelib/fs.walk': [ '1.2.8' ],
15 silly audit   '@npmcli/agent': [ '2.2.2', '3.0.0' ],
15 silly audit   'lru-cache': [ '10.4.3', '5.1.1' ],
15 silly audit   '@npmcli/fs': [ '4.0.0', '3.1.1' ],
15 silly audit   '@npmcli/git': [ '6.0.1' ],
15 silly audit   '@npmcli/installed-package-contents': [ '3.0.0' ],
15 silly audit   '@npmcli/node-gyp': [ '4.0.0' ],
15 silly audit   '@npmcli/package-json': [ '6.0.1' ],
15 silly audit   '@npmcli/promise-spawn': [ '8.0.2' ],
15 silly audit   '@npmcli/redact': [ '3.0.0' ],
15 silly audit   '@npmcli/run-script': [ '9.0.1' ],
15 silly audit   '@parcel/watcher': [ '2.5.0' ],
15 silly audit   '@parcel/watcher-android-arm64': [ '2.5.0' ],
15 silly audit   '@parcel/watcher-darwin-arm64': [ '2.5.0' ],
15 silly audit   '@parcel/watcher-darwin-x64': [ '2.5.0' ],
15 silly audit   '@parcel/watcher-freebsd-x64': [ '2.5.0' ],
15 silly audit   '@parcel/watcher-linux-arm-glibc': [ '2.5.0' ],
15 silly audit   '@parcel/watcher-linux-arm-musl': [ '2.5.0' ],
15 silly audit   '@parcel/watcher-linux-arm64-glibc': [ '2.5.0' ],
15 silly audit   '@parcel/watcher-linux-arm64-musl': [ '2.5.0' ],
15 silly audit   '@parcel/watcher-linux-x64-glibc': [ '2.5.0' ],
15 silly audit   '@parcel/watcher-linux-x64-musl': [ '2.5.0' ],
15 silly audit   '@parcel/watcher-win32-arm64': [ '2.5.0' ],
15 silly audit   '@parcel/watcher-win32-ia32': [ '2.5.0' ],
15 silly audit   '@parcel/watcher-win32-x64': [ '2.5.0' ],
15 silly audit   'detect-libc': [ '1.0.3', '2.0.3' ],
15 silly audit   'node-addon-api': [ '7.1.1', '6.1.0' ],
15 silly audit   '@pkgjs/parseargs': [ '0.11.0' ],
15 silly audit   '@rollup/rollup-android-arm-eabi': [ '4.26.0' ],
15 silly audit   '@rollup/rollup-android-arm64': [ '4.26.0' ],
15 silly audit   '@rollup/rollup-darwin-arm64': [ '4.26.0' ],
15 silly audit   '@rollup/rollup-darwin-x64': [ '4.26.0' ],
15 silly audit   '@rollup/rollup-freebsd-arm64': [ '4.26.0' ],
15 silly audit   '@rollup/rollup-freebsd-x64': [ '4.26.0' ],
15 silly audit   '@rollup/rollup-linux-arm-gnueabihf': [ '4.26.0' ],
15 silly audit   '@rollup/rollup-linux-arm-musleabihf': [ '4.26.0' ],
15 silly audit   '@rollup/rollup-linux-arm64-gnu': [ '4.26.0' ],
15 silly audit   '@rollup/rollup-linux-arm64-musl': [ '4.26.0' ],
15 silly audit   '@rollup/rollup-linux-powerpc64le-gnu': [ '4.26.0' ],
15 silly audit   '@rollup/rollup-linux-riscv64-gnu': [ '4.26.0' ],
15 silly audit   '@rollup/rollup-linux-s390x-gnu': [ '4.26.0' ],
15 silly audit   '@rollup/rollup-linux-x64-gnu': [ '4.26.0' ],
15 silly audit   '@rollup/rollup-linux-x64-musl': [ '4.26.0' ],
15 silly audit   '@rollup/rollup-win32-arm64-msvc': [ '4.26.0' ],
15 silly audit   '@rollup/rollup-win32-ia32-msvc': [ '4.26.0' ],
15 silly audit   '@rollup/rollup-win32-x64-msvc': [ '4.26.0' ],
15 silly audit   '@schematics/angular': [ '19.0.7' ],
15 silly audit   '@sigstore/bundle': [ '3.0.0' ],
15 silly audit   '@sigstore/core': [ '2.0.0' ],
15 silly audit   '@sigstore/protobuf-specs': [ '0.3.2' ],
15 silly audit   '@sigstore/sign': [ '3.0.0' ],
15 silly audit   'make-fetch-happen': [ '14.0.3', '13.0.1' ],
15 silly audit   'minipass-fetch': [ '4.0.0', '3.0.5' ],
15 silly audit   minizlib: [ '3.0.1', '2.1.2' ],
15 silly audit   negotiator: [ '1.0.0', '0.6.4' ],
15 silly audit   '@sigstore/tuf': [ '3.0.0' ],
15 silly audit   '@sigstore/verify': [ '2.0.0' ],
15 silly audit   '@tufjs/canonical-json': [ '2.0.0' ],
15 silly audit   '@tufjs/models': [ '3.0.1' ],
15 silly audit   '@types/estree': [ '1.0.6' ],
15 silly audit   '@vitejs/plugin-basic-ssl': [ '1.1.0' ],
15 silly audit   '@yarnpkg/lockfile': [ '1.1.0' ],
15 silly audit   abbrev: [ '2.0.0' ],
15 silly audit   'agent-base': [ '7.1.1' ],
15 silly audit   'aggregate-error': [ '3.1.0' ],
15 silly audit   ajv: [ '8.17.1' ],
15 silly audit   'ajv-formats': [ '3.0.1' ],
15 silly audit   'ansi-escapes': [ '4.3.2', '7.0.0' ],
15 silly audit   'ansi-styles': [ '6.2.1', '4.3.0' ],
15 silly audit   'balanced-match': [ '1.0.2' ],
15 silly audit   'base64-js': [ '1.5.1' ],
15 silly audit   beasties: [ '0.1.0' ],
15 silly audit   bl: [ '4.1.0' ],
15 silly audit   boolbase: [ '1.0.0' ],
15 silly audit   'brace-expansion': [ '2.0.1' ],
15 silly audit   braces: [ '3.0.3' ],
15 silly audit   browserslist: [ '4.24.2' ],
15 silly audit   buffer: [ '5.7.1' ],
15 silly audit   cacache: [ '19.0.1', '18.0.4' ],
15 silly audit   chownr: [ '3.0.0', '2.0.0' ],
15 silly audit   mkdirp: [ '3.0.1', '1.0.4' ],
15 silly audit   tar: [ '7.4.3', '6.2.1' ],
15 silly audit   yallist: [ '5.0.0', '4.0.0', '3.1.1' ],
15 silly audit   'caniuse-lite': [ '1.0.30001680' ],
15 silly audit   chalk: [ '4.1.2' ],
15 silly audit   chardet: [ '0.7.0' ],
15 silly audit   chokidar: [ '4.0.1' ],
15 silly audit   'clean-stack': [ '2.2.0' ],
15 silly audit   'cli-cursor': [ '5.0.0', '3.1.0' ],
15 silly audit   'cli-spinners': [ '2.9.2' ],
15 silly audit   'cli-truncate': [ '4.0.0' ],
15 silly audit   'cli-width': [ '4.1.0' ],
15 silly audit   cliui: [ '8.0.1' ],
15 silly audit   'is-fullwidth-code-point': [ '3.0.0', '4.0.0', '5.0.0' ],
15 silly audit   clone: [ '1.0.4' ],
15 silly audit   'color-convert': [ '2.0.1' ],
15 silly audit   'color-name': [ '1.1.4' ],
15 silly audit   colorette: [ '2.0.20' ],
15 silly audit   'cross-spawn': [ '7.0.6' ],
15 silly audit   isexe: [ '2.0.0', '3.1.1' ],
15 silly audit   which: [ '2.0.2', '4.0.0', '5.0.0' ],
15 silly audit   'css-select': [ '5.1.0' ],
15 silly audit   'css-what': [ '6.1.0' ],
15 silly audit   debug: [ '4.3.7' ],
15 silly audit   defaults: [ '1.0.4' ],
15 silly audit   'dom-serializer': [ '2.0.0' ],
15 silly audit   domelementtype: [ '2.3.0' ],
15 silly audit   domhandler: [ '5.0.3' ],
15 silly audit   domutils: [ '3.1.0' ],
15 silly audit   eastasianwidth: [ '0.2.0' ],
15 silly audit   'electron-to-chromium': [ '1.5.63' ],
15 silly audit   encoding: [ '0.1.13' ],
15 silly audit   'iconv-lite': [ '0.6.3', '0.4.24' ],
15 silly audit   entities: [ '4.5.0' ],
15 silly audit   'env-paths': [ '2.2.1' ],
15 silly audit   environment: [ '1.1.0' ],
15 silly audit   'err-code': [ '2.0.3' ],
15 silly audit   esbuild: [ '0.24.0', '0.21.5' ],
15 silly audit   escalade: [ '3.2.0' ],
15 silly audit   'exponential-backoff': [ '3.1.1' ],
15 silly audit   'external-editor': [ '3.1.0' ],
15 silly audit   'fast-deep-equal': [ '3.1.3' ],
15 silly audit   'fast-glob': [ '3.3.2' ],
15 silly audit   'fast-uri': [ '3.0.5' ],
15 silly audit   fastq: [ '1.17.1' ],
15 silly audit   'fill-range': [ '7.1.1' ],
15 silly audit   'foreground-child': [ '3.3.0' ],
15 silly audit   'fs-minipass': [ '3.0.3', '2.1.0' ],
15 silly audit   fsevents: [ '2.3.3' ],
15 silly audit   'function-bind': [ '1.1.2' ],
15 silly audit   gensync: [ '1.0.0-beta.2' ],
15 silly audit   'get-caller-file': [ '2.0.5' ],
15 silly audit   'get-east-asian-width': [ '1.3.0' ],
15 silly audit   glob: [ '10.4.5' ],
15 silly audit   'glob-parent': [ '5.1.2' ],
15 silly audit   'glob-to-regexp': [ '0.4.1' ],
15 silly audit   globals: [ '11.12.0' ],
15 silly audit   'graceful-fs': [ '4.2.11' ],
15 silly audit   'has-flag': [ '4.0.0' ],
15 silly audit   hasown: [ '2.0.2' ],
15 silly audit   'hosted-git-info': [ '8.0.0' ],
15 silly audit   htmlparser2: [ '9.1.0' ],
15 silly audit   'http-cache-semantics': [ '4.1.1' ],
15 silly audit   'http-proxy-agent': [ '7.0.2' ],
15 silly audit   'https-proxy-agent': [ '7.0.5' ],
15 silly audit   ieee754: [ '1.2.1' ],
15 silly audit   'ignore-walk': [ '7.0.0' ],
15 silly audit   immutable: [ '5.0.3' ],
15 silly audit   imurmurhash: [ '0.1.4' ],
15 silly audit   'indent-string': [ '4.0.0' ],
15 silly audit   inherits: [ '2.0.4' ],
15 silly audit   ini: [ '5.0.0' ],
15 silly audit   'ip-address': [ '9.0.5' ],
15 silly audit   'is-core-module': [ '2.15.1' ],
15 silly audit   'is-extglob': [ '2.1.1' ],
15 silly audit   'is-glob': [ '4.0.3' ],
15 silly audit   'is-interactive': [ '1.0.0' ],
15 silly audit   'is-lambda': [ '1.0.1' ],
15 silly audit   'is-number': [ '7.0.0' ],
15 silly audit   'is-unicode-supported': [ '0.1.0' ],
15 silly audit   'istanbul-lib-coverage': [ '3.2.2' ],
15 silly audit   'istanbul-lib-instrument': [ '6.0.3' ],
15 silly audit   jackspeak: [ '3.4.3' ],
15 silly audit   'js-tokens': [ '4.0.0' ],
15 silly audit   jsbn: [ '1.1.0' ],
15 silly audit   jsesc: [ '3.0.2' ],
15 silly audit   'json-parse-even-better-errors': [ '4.0.0' ],
15 silly audit   'json-schema-traverse': [ '1.0.0' ],
15 silly audit   json5: [ '2.2.3' ],
15 silly audit   'jsonc-parser': [ '3.3.1' ],
15 silly audit   jsonparse: [ '1.3.1' ],
15 silly audit   listr2: [ '8.2.5' ],
15 silly audit   eventemitter3: [ '5.0.1' ],
15 silly audit   lmdb: [ '3.1.5' ],
15 silly audit   'log-symbols': [ '4.1.0' ],
15 silly audit   'log-update': [ '6.1.0' ],
15 silly audit   'slice-ansi': [ '7.1.0', '5.0.0' ],
15 silly audit   'magic-string': [ '0.30.12' ],
15 silly audit   'p-map': [ '4.0.0', '7.0.2' ],
15 silly audit   'proc-log': [ '4.2.0', '5.0.0' ],
15 silly audit   ssri: [ '10.0.6', '12.0.0' ],
15 silly audit   'unique-filename': [ '3.0.0', '4.0.0' ],
15 silly audit   'unique-slug': [ '4.0.0', '5.0.0' ],
15 silly audit   merge2: [ '1.4.1' ],
15 silly audit   micromatch: [ '4.0.8' ],
15 silly audit   picomatch: [ '2.3.1', '4.0.2' ],
15 silly audit   'mimic-fn': [ '2.1.0' ],
15 silly audit   'mimic-function': [ '5.0.1' ],
15 silly audit   minimatch: [ '9.0.5' ],
15 silly audit   minipass: [ '7.1.2', '3.3.6', '5.0.0' ],
15 silly audit   'minipass-collect': [ '2.0.1' ],
15 silly audit   'minipass-flush': [ '1.0.5' ],
15 silly audit   'minipass-pipeline': [ '1.2.4' ],
15 silly audit   'minipass-sized': [ '1.0.3' ],
15 silly audit   mrmime: [ '2.0.0' ],
15 silly audit   ms: [ '2.1.3' ],
15 silly audit   msgpackr: [ '1.11.2' ],
15 silly audit   'msgpackr-extract': [ '3.0.3' ],
15 silly audit   nanoid: [ '3.3.7' ],
15 silly audit   'node-gyp': [ '10.2.0' ],
15 silly audit   'node-gyp-build-optional-packages': [ '5.2.2' ],
15 silly audit   'node-releases': [ '2.0.18' ],
15 silly audit   nopt: [ '7.2.1' ],
15 silly audit   'normalize-package-data': [ '7.0.0' ],
15 silly audit   'npm-bundled': [ '4.0.0' ],
15 silly audit   'npm-install-checks': [ '7.1.0' ],
15 silly audit   'npm-normalize-package-bin': [ '4.0.0' ],
15 silly audit   'npm-package-arg': [ '12.0.0' ],
15 silly audit   'npm-packlist': [ '9.0.0' ],
15 silly audit   'npm-pick-manifest': [ '10.0.0' ],
15 silly audit   'npm-registry-fetch': [ '18.0.2' ],
15 silly audit   'nth-check': [ '2.1.1' ],
15 silly audit   onetime: [ '7.0.0', '5.1.2' ],
15 silly audit   ora: [ '5.4.1' ],
15 silly audit   'restore-cursor': [ '3.1.0', '5.1.0' ],
15 silly audit   'signal-exit': [ '3.0.7', '4.1.0' ],
15 silly audit   'ordered-binary': [ '1.5.3' ],
15 silly audit   'os-tmpdir': [ '1.0.2' ],
15 silly audit   'package-json-from-dist': [ '1.0.1' ],
15 silly audit   pacote: [ '20.0.0' ],
15 silly audit   parse5: [ '7.2.1' ],
15 silly audit   'parse5-html-rewriting-stream': [ '7.0.0' ],
15 silly audit   'parse5-sax-parser': [ '7.0.0' ],
15 silly audit   'path-key': [ '3.1.1' ],
15 silly audit   'path-parse': [ '1.0.7' ],
15 silly audit   'path-scurry': [ '1.11.1' ],
15 silly audit   picocolors: [ '1.1.1' ],
15 silly audit   piscina: [ '4.7.0' ],
15 silly audit   postcss: [ '8.4.49' ],
15 silly audit   'postcss-media-query-parser': [ '0.2.3' ],
15 silly audit   'promise-inflight': [ '1.0.1' ],
15 silly audit   'promise-retry': [ '2.0.1' ],
15 silly audit   'queue-microtask': [ '1.2.3' ],
15 silly audit   'readable-stream': [ '3.6.2' ],
15 silly audit   readdirp: [ '4.0.2' ],
15 silly audit   'reflect-metadata': [ '0.2.2' ],
15 silly audit   'require-directory': [ '2.1.1' ],
15 silly audit   'require-from-string': [ '2.0.2' ],
15 silly audit   resolve: [ '1.22.8' ],
15 silly audit   retry: [ '0.12.0' ],
15 silly audit   reusify: [ '1.0.4' ],
15 silly audit   rfdc: [ '1.4.1' ],
15 silly audit   rimraf: [ '5.0.10' ],
15 silly audit   rollup: [ '4.26.0' ],
15 silly audit   'run-parallel': [ '1.2.0' ],
15 silly audit   rxjs: [ '7.8.1' ],
15 silly audit   'safe-buffer': [ '5.2.1' ],
15 silly audit   'safer-buffer': [ '2.1.2' ],
15 silly audit   sass: [ '1.80.7' ],
15 silly audit   'shebang-command': [ '2.0.0' ],
15 silly audit   'shebang-regex': [ '3.0.0' ],
15 silly audit   sigstore: [ '3.0.0' ],
15 silly audit   'smart-buffer': [ '4.2.0' ],
15 silly audit   socks: [ '2.8.3' ],
15 silly audit   'socks-proxy-agent': [ '8.0.4' ],
15 silly audit   'source-map': [ '0.7.4' ],
15 silly audit   'source-map-js': [ '1.2.1' ],
15 silly audit   'spdx-correct': [ '3.2.0' ],
15 silly audit   'spdx-exceptions': [ '2.5.0' ],
15 silly audit   'spdx-expression-parse': [ '3.0.1' ],
15 silly audit   'spdx-license-ids': [ '3.0.20' ],
15 silly audit   'sprintf-js': [ '1.1.3' ],
15 silly audit   string_decoder: [ '1.3.0' ],
15 silly audit   'supports-color': [ '7.2.0' ],
15 silly audit   'supports-preserve-symlinks-flag': [ '1.0.0' ],
15 silly audit   'symbol-observable': [ '4.0.0' ],
15 silly audit   tmp: [ '0.0.33' ],
15 silly audit   'to-regex-range': [ '5.0.1' ],
15 silly audit   tslib: [ '2.8.1' ],
15 silly audit   'tuf-js': [ '3.0.1' ],
15 silly audit   'type-fest': [ '0.21.3' ],
15 silly audit   typescript: [ '5.6.3' ],
15 silly audit   'update-browserslist-db': [ '1.1.1' ],
15 silly audit   'util-deprecate': [ '1.0.2' ],
15 silly audit   'validate-npm-package-license': [ '3.0.4' ],
15 silly audit   'validate-npm-package-name': [ '6.0.0' ],
15 silly audit   vite: [ '5.4.11' ],
15 silly audit   watchpack: [ '2.4.2' ],
15 silly audit   wcwidth: [ '1.0.1' ],
15 silly audit   'weak-lru-cache': [ '1.2.2' ],
15 silly audit   y18n: [ '5.0.8' ],
15 silly audit   yargs: [ '17.7.2' ],
15 silly audit   'yargs-parser': [ '21.1.1' ],
15 silly audit   'yoctocolors-cjs': [ '2.1.2' ],
15 silly audit   'zone.js': [ '0.15.0' ]
15 silly audit }
16 verbose reify failed optional dependency /Users/brodynelson/Library/CloudStorage/OneDrive-UniversityofMissouri/PROJECTS/project/node_modules/vite/node_modules/@esbuild/win32-x64
17 silly reify mark deleted [
17 silly reify   '/Users/brodynelson/Library/CloudStorage/OneDrive-UniversityofMissouri/PROJECTS/project/node_modules/vite/node_modules/@esbuild/win32-x64'
17 silly reify ]
18 verbose reify failed optional dependency /Users/brodynelson/Library/CloudStorage/OneDrive-UniversityofMissouri/PROJECTS/project/node_modules/vite/node_modules/@esbuild/win32-ia32
19 silly reify mark deleted [
19 silly reify   '/Users/brodynelson/Library/CloudStorage/OneDrive-UniversityofMissouri/PROJECTS/project/node_modules/vite/node_modules/@esbuild/win32-ia32'
19 silly reify ]
20 verbose reify failed optional dependency /Users/brodynelson/Library/CloudStorage/OneDrive-UniversityofMissouri/PROJECTS/project/node_modules/vite/node_modules/@esbuild/win32-arm64
21 silly reify mark deleted [
21 silly reify   '/Users/brodynelson/Library/CloudStorage/OneDrive-UniversityofMissouri/PROJECTS/project/node_modules/vite/node_modules/@esbuild/win32-arm64'
21 silly reify ]
22 verbose reify failed optional dependency /Users/brodynelson/Library/CloudStorage/OneDrive-UniversityofMissouri/PROJECTS/project/node_modules/vite/node_modules/@esbuild/sunos-x64
23 silly reify mark deleted [
23 silly reify   '/Users/brodynelson/Library/CloudStorage/OneDrive-UniversityofMissouri/PROJECTS/project/node_modules/vite/node_modules/@esbuild/sunos-x64'
23 silly reify ]
24 verbose reify failed optional dependency /Users/brodynelson/Library/CloudStorage/OneDrive-UniversityofMissouri/PROJECTS/project/node_modules/vite/node_modules/@esbuild/openbsd-x64
25 silly reify mark deleted [
25 silly reify   '/Users/brodynelson/Library/CloudStorage/OneDrive-UniversityofMissouri/PROJECTS/project/node_modules/vite/node_modules/@esbuild/openbsd-x64'
25 silly reify ]
26 verbose reify failed optional dependency /Users/brodynelson/Library/CloudStorage/OneDrive-UniversityofMissouri/PROJECTS/project/node_modules/vite/node_modules/@esbuild/netbsd-x64
27 silly reify mark deleted [
27 silly reify   '/Users/brodynelson/Library/CloudStorage/OneDrive-UniversityofMissouri/PROJECTS/project/node_modules/vite/node_modules/@esbuild/netbsd-x64'
27 silly reify ]
28 verbose reify failed optional dependency /Users/brodynelson/Library/CloudStorage/OneDrive-UniversityofMissouri/PROJECTS/project/node_modules/vite/node_modules/@esbuild/linux-x64
29 silly reify mark deleted [
29 silly reify   '/Users/brodynelson/Library/CloudStorage/OneDrive-UniversityofMissouri/PROJECTS/project/node_modules/vite/node_modules/@esbuild/linux-x64'
29 silly reify ]
30 verbose reify failed optional dependency /Users/brodynelson/Library/CloudStorage/OneDrive-UniversityofMissouri/PROJECTS/project/node_modules/vite/node_modules/@esbuild/linux-s390x
31 silly reify mark deleted [
31 silly reify   '/Users/brodynelson/Library/CloudStorage/OneDrive-UniversityofMissouri/PROJECTS/project/node_modules/vite/node_modules/@esbuild/linux-s390x'
31 silly reify ]
32 verbose reify failed optional dependency /Users/brodynelson/Library/CloudStorage/OneDrive-UniversityofMissouri/PROJECTS/project/node_modules/vite/node_modules/@esbuild/linux-riscv64
33 silly reify mark deleted [
33 silly reify   '/Users/brodynelson/Library/CloudStorage/OneDrive-UniversityofMissouri/PROJECTS/project/node_modules/vite/node_modules/@esbuild/linux-riscv64'
33 silly reify ]
34 verbose reify failed optional dependency /Users/brodynelson/Library/CloudStorage/OneDrive-UniversityofMissouri/PROJECTS/project/node_modules/vite/node_modules/@esbuild/linux-ppc64
35 silly reify mark deleted [
35 silly reify   '/Users/brodynelson/Library/CloudStorage/OneDrive-UniversityofMissouri/PROJECTS/project/node_modules/vite/node_modules/@esbuild/linux-ppc64'
35 silly reify ]
36 verbose reify failed optional dependency /Users/brodynelson/Library/CloudStorage/OneDrive-UniversityofMissouri/PROJECTS/project/node_modules/vite/node_modules/@esbuild/linux-mips64el
37 silly reify mark deleted [
37 silly reify   '/Users/brodynelson/Library/CloudStorage/OneDrive-UniversityofMissouri/PROJECTS/project/node_modules/vite/node_modules/@esbuild/linux-mips64el'
37 silly reify ]
38 verbose reify failed optional dependency /Users/brodynelson/Library/CloudStorage/OneDrive-UniversityofMissouri/PROJECTS/project/node_modules/vite/node_modules/@esbuild/linux-loong64
39 silly reify mark deleted [
39 silly reify   '/Users/brodynelson/Library/CloudStorage/OneDrive-UniversityofMissouri/PROJECTS/project/node_modules/vite/node_modules/@esbuild/linux-loong64'
39 silly reify ]
40 verbose reify failed optional dependency /Users/brodynelson/Library/CloudStorage/OneDrive-UniversityofMissouri/PROJECTS/project/node_modules/vite/node_modules/@esbuild/linux-ia32
41 silly reify mark deleted [
41 silly reify   '/Users/brodynelson/Library/CloudStorage/OneDrive-UniversityofMissouri/PROJECTS/project/node_modules/vite/node_modules/@esbuild/linux-ia32'
41 silly reify ]
42 verbose reify failed optional dependency /Users/brodynelson/Library/CloudStorage/OneDrive-UniversityofMissouri/PROJECTS/project/node_modules/vite/node_modules/@esbuild/linux-arm64
43 silly reify mark deleted [
43 silly reify   '/Users/brodynelson/Library/CloudStorage/OneDrive-UniversityofMissouri/PROJECTS/project/node_modules/vite/node_modules/@esbuild/linux-arm64'
43 silly reify ]
44 verbose reify failed optional dependency /Users/brodynelson/Library/CloudStorage/OneDrive-UniversityofMissouri/PROJECTS/project/node_modules/vite/node_modules/@esbuild/linux-arm
45 silly reify mark deleted [
45 silly reify   '/Users/brodynelson/Library/CloudStorage/OneDrive-UniversityofMissouri/PROJECTS/project/node_modules/vite/node_modules/@esbuild/linux-arm'
45 silly reify ]
46 verbose reify failed optional dependency /Users/brodynelson/Library/CloudStorage/OneDrive-UniversityofMissouri/PROJECTS/project/node_modules/vite/node_modules/@esbuild/freebsd-x64
47 silly reify mark deleted [
47 silly reify   '/Users/brodynelson/Library/CloudStorage/OneDrive-UniversityofMissouri/PROJECTS/project/node_modules/vite/node_modules/@esbuild/freebsd-x64'
47 silly reify ]
48 verbose reify failed optional dependency /Users/brodynelson/Library/CloudStorage/OneDrive-UniversityofMissouri/PROJECTS/project/node_modules/vite/node_modules/@esbuild/freebsd-arm64
49 silly reify mark deleted [
49 silly reify   '/Users/brodynelson/Library/CloudStorage/OneDrive-UniversityofMissouri/PROJECTS/project/node_modules/vite/node_modules/@esbuild/freebsd-arm64'
49 silly reify ]
50 verbose reify failed optional dependency /Users/brodynelson/Library/CloudStorage/OneDrive-UniversityofMissouri/PROJECTS/project/node_modules/vite/node_modules/@esbuild/darwin-x64
51 silly reify mark deleted [
51 silly reify   '/Users/brodynelson/Library/CloudStorage/OneDrive-UniversityofMissouri/PROJECTS/project/node_modules/vite/node_modules/@esbuild/darwin-x64'
51 silly reify ]
52 verbose reify failed optional dependency /Users/brodynelson/Library/CloudStorage/OneDrive-UniversityofMissouri/PROJECTS/project/node_modules/vite/node_modules/@esbuild/android-x64
53 silly reify mark deleted [
53 silly reify   '/Users/brodynelson/Library/CloudStorage/OneDrive-UniversityofMissouri/PROJECTS/project/node_modules/vite/node_modules/@esbuild/android-x64'
53 silly reify ]
54 verbose reify failed optional dependency /Users/brodynelson/Library/CloudStorage/OneDrive-UniversityofMissouri/PROJECTS/project/node_modules/vite/node_modules/@esbuild/android-arm64
55 silly reify mark deleted [
55 silly reify   '/Users/brodynelson/Library/CloudStorage/OneDrive-UniversityofMissouri/PROJECTS/project/node_modules/vite/node_modules/@esbuild/android-arm64'
55 silly reify ]
56 verbose reify failed optional dependency /Users/brodynelson/Library/CloudStorage/OneDrive-UniversityofMissouri/PROJECTS/project/node_modules/vite/node_modules/@esbuild/android-arm
57 silly reify mark deleted [
57 silly reify   '/Users/brodynelson/Library/CloudStorage/OneDrive-UniversityofMissouri/PROJECTS/project/node_modules/vite/node_modules/@esbuild/android-arm'
57 silly reify ]
58 verbose reify failed optional dependency /Users/brodynelson/Library/CloudStorage/OneDrive-UniversityofMissouri/PROJECTS/project/node_modules/vite/node_modules/@esbuild/aix-ppc64
59 silly reify mark deleted [
59 silly reify   '/Users/brodynelson/Library/CloudStorage/OneDrive-UniversityofMissouri/PROJECTS/project/node_modules/vite/node_modules/@esbuild/aix-ppc64'
59 silly reify ]
60 verbose reify failed optional dependency /Users/brodynelson/Library/CloudStorage/OneDrive-UniversityofMissouri/PROJECTS/project/node_modules/@rollup/rollup-win32-x64-msvc
61 silly reify mark deleted [
61 silly reify   '/Users/brodynelson/Library/CloudStorage/OneDrive-UniversityofMissouri/PROJECTS/project/node_modules/@rollup/rollup-win32-x64-msvc'
61 silly reify ]
62 verbose reify failed optional dependency /Users/brodynelson/Library/CloudStorage/OneDrive-UniversityofMissouri/PROJECTS/project/node_modules/@rollup/rollup-win32-ia32-msvc
63 silly reify mark deleted [
63 silly reify   '/Users/brodynelson/Library/CloudStorage/OneDrive-UniversityofMissouri/PROJECTS/project/node_modules/@rollup/rollup-win32-ia32-msvc'
63 silly reify ]
64 verbose reify failed optional dependency /Users/brodynelson/Library/CloudStorage/OneDrive-UniversityofMissouri/PROJECTS/project/node_modules/@rollup/rollup-win32-arm64-msvc
65 silly reify mark deleted [
65 silly reify   '/Users/brodynelson/Library/CloudStorage/OneDrive-UniversityofMissouri/PROJECTS/project/node_modules/@rollup/rollup-win32-arm64-msvc'
65 silly reify ]
66 verbose reify failed optional dependency /Users/brodynelson/Library/CloudStorage/OneDrive-UniversityofMissouri/PROJECTS/project/node_modules/@rollup/rollup-linux-x64-musl
67 silly reify mark deleted [
67 silly reify   '/Users/brodynelson/Library/CloudStorage/OneDrive-UniversityofMissouri/PROJECTS/project/node_modules/@rollup/rollup-linux-x64-musl'
67 silly reify ]
68 verbose reify failed optional dependency /Users/brodynelson/Library/CloudStorage/OneDrive-UniversityofMissouri/PROJECTS/project/node_modules/@rollup/rollup-linux-x64-gnu
69 silly reify mark deleted [
69 silly reify   '/Users/brodynelson/Library/CloudStorage/OneDrive-UniversityofMissouri/PROJECTS/project/node_modules/@rollup/rollup-linux-x64-gnu'
69 silly reify ]
70 verbose reify failed optional dependency /Users/brodynelson/Library/CloudStorage/OneDrive-UniversityofMissouri/PROJECTS/project/node_modules/@rollup/rollup-linux-s390x-gnu
71 silly reify mark deleted [
71 silly reify   '/Users/brodynelson/Library/CloudStorage/OneDrive-UniversityofMissouri/PROJECTS/project/node_modules/@rollup/rollup-linux-s390x-gnu'
71 silly reify ]
72 verbose reify failed optional dependency /Users/brodynelson/Library/CloudStorage/OneDrive-UniversityofMissouri/PROJECTS/project/node_modules/@rollup/rollup-linux-riscv64-gnu
73 silly reify mark deleted [
73 silly reify   '/Users/brodynelson/Library/CloudStorage/OneDrive-UniversityofMissouri/PROJECTS/project/node_modules/@rollup/rollup-linux-riscv64-gnu'
73 silly reify ]
74 verbose reify failed optional dependency /Users/brodynelson/Library/CloudStorage/OneDrive-UniversityofMissouri/PROJECTS/project/node_modules/@rollup/rollup-linux-powerpc64le-gnu
75 silly reify mark deleted [
75 silly reify   '/Users/brodynelson/Library/CloudStorage/OneDrive-UniversityofMissouri/PROJECTS/project/node_modules/@rollup/rollup-linux-powerpc64le-gnu'
75 silly reify ]
76 verbose reify failed optional dependency /Users/brodynelson/Library/CloudStorage/OneDrive-UniversityofMissouri/PROJECTS/project/node_modules/@rollup/rollup-linux-arm64-musl
77 silly reify mark deleted [
77 silly reify   '/Users/brodynelson/Library/CloudStorage/OneDrive-UniversityofMissouri/PROJECTS/project/node_modules/@rollup/rollup-linux-arm64-musl'
77 silly reify ]
78 verbose reify failed optional dependency /Users/brodynelson/Library/CloudStorage/OneDrive-UniversityofMissouri/PROJECTS/project/node_modules/@rollup/rollup-linux-arm64-gnu
79 silly reify mark deleted [
79 silly reify   '/Users/brodynelson/Library/CloudStorage/OneDrive-UniversityofMissouri/PROJECTS/project/node_modules/@rollup/rollup-linux-arm64-gnu'
79 silly reify ]
80 verbose reify failed optional dependency /Users/brodynelson/Library/CloudStorage/OneDrive-UniversityofMissouri/PROJECTS/project/node_modules/@rollup/rollup-linux-arm-musleabihf
81 silly reify mark deleted [
81 silly reify   '/Users/brodynelson/Library/CloudStorage/OneDrive-UniversityofMissouri/PROJECTS/project/node_modules/@rollup/rollup-linux-arm-musleabihf'
81 silly reify ]
82 verbose reify failed optional dependency /Users/brodynelson/Library/CloudStorage/OneDrive-UniversityofMissouri/PROJECTS/project/node_modules/@rollup/rollup-linux-arm-gnueabihf
83 silly reify mark deleted [
83 silly reify   '/Users/brodynelson/Library/CloudStorage/OneDrive-UniversityofMissouri/PROJECTS/project/node_modules/@rollup/rollup-linux-arm-gnueabihf'
83 silly reify ]
84 verbose reify failed optional dependency /Users/brodynelson/Library/CloudStorage/OneDrive-UniversityofMissouri/PROJECTS/project/node_modules/@rollup/rollup-freebsd-x64
85 silly reify mark deleted [
85 silly reify   '/Users/brodynelson/Library/CloudStorage/OneDrive-UniversityofMissouri/PROJECTS/project/node_modules/@rollup/rollup-freebsd-x64'
85 silly reify ]
86 verbose reify failed optional dependency /Users/brodynelson/Library/CloudStorage/OneDrive-UniversityofMissouri/PROJECTS/project/node_modules/@rollup/rollup-freebsd-arm64
87 silly reify mark deleted [
87 silly reify   '/Users/brodynelson/Library/CloudStorage/OneDrive-UniversityofMissouri/PROJECTS/project/node_modules/@rollup/rollup-freebsd-arm64'
87 silly reify ]
88 verbose reify failed optional dependency /Users/brodynelson/Library/CloudStorage/OneDrive-UniversityofMissouri/PROJECTS/project/node_modules/@rollup/rollup-darwin-x64
89 silly reify mark deleted [
89 silly reify   '/Users/brodynelson/Library/CloudStorage/OneDrive-UniversityofMissouri/PROJECTS/project/node_modules/@rollup/rollup-darwin-x64'
89 silly reify ]
90 verbose reify failed optional dependency /Users/brodynelson/Library/CloudStorage/OneDrive-UniversityofMissouri/PROJECTS/project/node_modules/@rollup/rollup-android-arm64
91 silly reify mark deleted [
91 silly reify   '/Users/brodynelson/Library/CloudStorage/OneDrive-UniversityofMissouri/PROJECTS/project/node_modules/@rollup/rollup-android-arm64'
91 silly reify ]
92 verbose reify failed optional dependency /Users/brodynelson/Library/CloudStorage/OneDrive-UniversityofMissouri/PROJECTS/project/node_modules/@rollup/rollup-android-arm-eabi
93 silly reify mark deleted [
93 silly reify   '/Users/brodynelson/Library/CloudStorage/OneDrive-UniversityofMissouri/PROJECTS/project/node_modules/@rollup/rollup-android-arm-eabi'
93 silly reify ]
94 verbose reify failed optional dependency /Users/brodynelson/Library/CloudStorage/OneDrive-UniversityofMissouri/PROJECTS/project/node_modules/@parcel/watcher-win32-x64
95 silly reify mark deleted [
95 silly reify   '/Users/brodynelson/Library/CloudStorage/OneDrive-UniversityofMissouri/PROJECTS/project/node_modules/@parcel/watcher-win32-x64'
95 silly reify ]
96 verbose reify failed optional dependency /Users/brodynelson/Library/CloudStorage/OneDrive-UniversityofMissouri/PROJECTS/project/node_modules/@parcel/watcher-win32-ia32
97 silly reify mark deleted [
97 silly reify   '/Users/brodynelson/Library/CloudStorage/OneDrive-UniversityofMissouri/PROJECTS/project/node_modules/@parcel/watcher-win32-ia32'
97 silly reify ]
98 verbose reify failed optional dependency /Users/brodynelson/Library/CloudStorage/OneDrive-UniversityofMissouri/PROJECTS/project/node_modules/@parcel/watcher-win32-arm64
99 silly reify mark deleted [
99 silly reify   '/Users/brodynelson/Library/CloudStorage/OneDrive-UniversityofMissouri/PROJECTS/project/node_modules/@parcel/watcher-win32-arm64'
99 silly reify ]
100 verbose reify failed optional dependency /Users/brodynelson/Library/CloudStorage/OneDrive-UniversityofMissouri/PROJECTS/project/node_modules/@parcel/watcher-linux-x64-musl
101 silly reify mark deleted [
101 silly reify   '/Users/brodynelson/Library/CloudStorage/OneDrive-UniversityofMissouri/PROJECTS/project/node_modules/@parcel/watcher-linux-x64-musl'
101 silly reify ]
102 verbose reify failed optional dependency /Users/brodynelson/Library/CloudStorage/OneDrive-UniversityofMissouri/PROJECTS/project/node_modules/@parcel/watcher-linux-x64-glibc
103 silly reify mark deleted [
103 silly reify   '/Users/brodynelson/Library/CloudStorage/OneDrive-UniversityofMissouri/PROJECTS/project/node_modules/@parcel/watcher-linux-x64-glibc'
103 silly reify ]
104 verbose reify failed optional dependency /Users/brodynelson/Library/CloudStorage/OneDrive-UniversityofMissouri/PROJECTS/project/node_modules/@parcel/watcher-linux-arm64-musl
105 silly reify mark deleted [
105 silly reify   '/Users/brodynelson/Library/CloudStorage/OneDrive-UniversityofMissouri/PROJECTS/project/node_modules/@parcel/watcher-linux-arm64-musl'
105 silly reify ]
106 verbose reify failed optional dependency /Users/brodynelson/Library/CloudStorage/OneDrive-UniversityofMissouri/PROJECTS/project/node_modules/@parcel/watcher-linux-arm64-glibc
107 silly reify mark deleted [
107 silly reify   '/Users/brodynelson/Library/CloudStorage/OneDrive-UniversityofMissouri/PROJECTS/project/node_modules/@parcel/watcher-linux-arm64-glibc'
107 silly reify ]
108 verbose reify failed optional dependency /Users/brodynelson/Library/CloudStorage/OneDrive-UniversityofMissouri/PROJECTS/project/node_modules/@parcel/watcher-linux-arm-musl
109 silly reify mark deleted [
109 silly reify   '/Users/brodynelson/Library/CloudStorage/OneDrive-UniversityofMissouri/PROJECTS/project/node_modules/@parcel/watcher-linux-arm-musl'
109 silly reify ]
110 verbose reify failed optional dependency /Users/brodynelson/Library/CloudStorage/OneDrive-UniversityofMissouri/PROJECTS/project/node_modules/@parcel/watcher-linux-arm-glibc
111 silly reify mark deleted [
111 silly reify   '/Users/brodynelson/Library/CloudStorage/OneDrive-UniversityofMissouri/PROJECTS/project/node_modules/@parcel/watcher-linux-arm-glibc'
111 silly reify ]
112 verbose reify failed optional dependency /Users/brodynelson/Library/CloudStorage/OneDrive-UniversityofMissouri/PROJECTS/project/node_modules/@parcel/watcher-freebsd-x64
113 silly reify mark deleted [
113 silly reify   '/Users/brodynelson/Library/CloudStorage/OneDrive-UniversityofMissouri/PROJECTS/project/node_modules/@parcel/watcher-freebsd-x64'
113 silly reify ]
114 verbose reify failed optional dependency /Users/brodynelson/Library/CloudStorage/OneDrive-UniversityofMissouri/PROJECTS/project/node_modules/@parcel/watcher-darwin-x64
115 silly reify mark deleted [
115 silly reify   '/Users/brodynelson/Library/CloudStorage/OneDrive-UniversityofMissouri/PROJECTS/project/node_modules/@parcel/watcher-darwin-x64'
115 silly reify ]
116 verbose reify failed optional dependency /Users/brodynelson/Library/CloudStorage/OneDrive-UniversityofMissouri/PROJECTS/project/node_modules/@parcel/watcher-android-arm64
117 silly reify mark deleted [
117 silly reify   '/Users/brodynelson/Library/CloudStorage/OneDrive-UniversityofMissouri/PROJECTS/project/node_modules/@parcel/watcher-android-arm64'
117 silly reify ]
118 verbose reify failed optional dependency /Users/brodynelson/Library/CloudStorage/OneDrive-UniversityofMissouri/PROJECTS/project/node_modules/@napi-rs/nice-win32-x64-msvc
119 silly reify mark deleted [
119 silly reify   '/Users/brodynelson/Library/CloudStorage/OneDrive-UniversityofMissouri/PROJECTS/project/node_modules/@napi-rs/nice-win32-x64-msvc'
119 silly reify ]
120 verbose reify failed optional dependency /Users/brodynelson/Library/CloudStorage/OneDrive-UniversityofMissouri/PROJECTS/project/node_modules/@napi-rs/nice-win32-ia32-msvc
121 silly reify mark deleted [
121 silly reify   '/Users/brodynelson/Library/CloudStorage/OneDrive-UniversityofMissouri/PROJECTS/project/node_modules/@napi-rs/nice-win32-ia32-msvc'
121 silly reify ]
122 verbose reify failed optional dependency /Users/brodynelson/Library/CloudStorage/OneDrive-UniversityofMissouri/PROJECTS/project/node_modules/@napi-rs/nice-win32-arm64-msvc
123 silly reify mark deleted [
123 silly reify   '/Users/brodynelson/Library/CloudStorage/OneDrive-UniversityofMissouri/PROJECTS/project/node_modules/@napi-rs/nice-win32-arm64-msvc'
123 silly reify ]
124 verbose reify failed optional dependency /Users/brodynelson/Library/CloudStorage/OneDrive-UniversityofMissouri/PROJECTS/project/node_modules/@napi-rs/nice-linux-x64-musl
125 silly reify mark deleted [
125 silly reify   '/Users/brodynelson/Library/CloudStorage/OneDrive-UniversityofMissouri/PROJECTS/project/node_modules/@napi-rs/nice-linux-x64-musl'
125 silly reify ]
126 verbose reify failed optional dependency /Users/brodynelson/Library/CloudStorage/OneDrive-UniversityofMissouri/PROJECTS/project/node_modules/@napi-rs/nice-linux-x64-gnu
127 silly reify mark deleted [
127 silly reify   '/Users/brodynelson/Library/CloudStorage/OneDrive-UniversityofMissouri/PROJECTS/project/node_modules/@napi-rs/nice-linux-x64-gnu'
127 silly reify ]
128 verbose reify failed optional dependency /Users/brodynelson/Library/CloudStorage/OneDrive-UniversityofMissouri/PROJECTS/project/node_modules/@napi-rs/nice-linux-s390x-gnu
129 silly reify mark deleted [
129 silly reify   '/Users/brodynelson/Library/CloudStorage/OneDrive-UniversityofMissouri/PROJECTS/project/node_modules/@napi-rs/nice-linux-s390x-gnu'
129 silly reify ]
130 verbose reify failed optional dependency /Users/brodynelson/Library/CloudStorage/OneDrive-UniversityofMissouri/PROJECTS/project/node_modules/@napi-rs/nice-linux-riscv64-gnu
131 silly reify mark deleted [
131 silly reify   '/Users/brodynelson/Library/CloudStorage/OneDrive-UniversityofMissouri/PROJECTS/project/node_modules/@napi-rs/nice-linux-riscv64-gnu'
131 silly reify ]
132 verbose reify failed optional dependency /Users/brodynelson/Library/CloudStorage/OneDrive-UniversityofMissouri/PROJECTS/project/node_modules/@napi-rs/nice-linux-ppc64-gnu
133 silly reify mark deleted [
133 silly reify   '/Users/brodynelson/Library/CloudStorage/OneDrive-UniversityofMissouri/PROJECTS/project/node_modules/@napi-rs/nice-linux-ppc64-gnu'
133 silly reify ]
134 verbose reify failed optional dependency /Users/brodynelson/Library/CloudStorage/OneDrive-UniversityofMissouri/PROJECTS/project/node_modules/@napi-rs/nice-linux-arm64-musl
135 silly reify mark deleted [
135 silly reify   '/Users/brodynelson/Library/CloudStorage/OneDrive-UniversityofMissouri/PROJECTS/project/node_modules/@napi-rs/nice-linux-arm64-musl'
135 silly reify ]
136 verbose reify failed optional dependency /Users/brodynelson/Library/CloudStorage/OneDrive-UniversityofMissouri/PROJECTS/project/node_modules/@napi-rs/nice-linux-arm64-gnu
137 silly reify mark deleted [
137 silly reify   '/Users/brodynelson/Library/CloudStorage/OneDrive-UniversityofMissouri/PROJECTS/project/node_modules/@napi-rs/nice-linux-arm64-gnu'
137 silly reify ]
138 verbose reify failed optional dependency /Users/brodynelson/Library/CloudStorage/OneDrive-UniversityofMissouri/PROJECTS/project/node_modules/@napi-rs/nice-linux-arm-gnueabihf
139 silly reify mark deleted [
139 silly reify   '/Users/brodynelson/Library/CloudStorage/OneDrive-UniversityofMissouri/PROJECTS/project/node_modules/@napi-rs/nice-linux-arm-gnueabihf'
139 silly reify ]
140 verbose reify failed optional dependency /Users/brodynelson/Library/CloudStorage/OneDrive-UniversityofMissouri/PROJECTS/project/node_modules/@napi-rs/nice-freebsd-x64
141 silly reify mark deleted [
141 silly reify   '/Users/brodynelson/Library/CloudStorage/OneDrive-UniversityofMissouri/PROJECTS/project/node_modules/@napi-rs/nice-freebsd-x64'
141 silly reify ]
142 verbose reify failed optional dependency /Users/brodynelson/Library/CloudStorage/OneDrive-UniversityofMissouri/PROJECTS/project/node_modules/@napi-rs/nice-darwin-x64
143 silly reify mark deleted [
143 silly reify   '/Users/brodynelson/Library/CloudStorage/OneDrive-UniversityofMissouri/PROJECTS/project/node_modules/@napi-rs/nice-darwin-x64'
143 silly reify ]
144 verbose reify failed optional dependency /Users/brodynelson/Library/CloudStorage/OneDrive-UniversityofMissouri/PROJECTS/project/node_modules/@napi-rs/nice-android-arm64
145 silly reify mark deleted [
145 silly reify   '/Users/brodynelson/Library/CloudStorage/OneDrive-UniversityofMissouri/PROJECTS/project/node_modules/@napi-rs/nice-android-arm64'
145 silly reify ]
146 verbose reify failed optional dependency /Users/brodynelson/Library/CloudStorage/OneDrive-UniversityofMissouri/PROJECTS/project/node_modules/@napi-rs/nice-android-arm-eabi
147 silly reify mark deleted [
147 silly reify   '/Users/brodynelson/Library/CloudStorage/OneDrive-UniversityofMissouri/PROJECTS/project/node_modules/@napi-rs/nice-android-arm-eabi'
147 silly reify ]
148 verbose reify failed optional dependency /Users/brodynelson/Library/CloudStorage/OneDrive-UniversityofMissouri/PROJECTS/project/node_modules/@msgpackr-extract/msgpackr-extract-win32-x64
149 silly reify mark deleted [
149 silly reify   '/Users/brodynelson/Library/CloudStorage/OneDrive-UniversityofMissouri/PROJECTS/project/node_modules/@msgpackr-extract/msgpackr-extract-win32-x64'
149 silly reify ]
150 verbose reify failed optional dependency /Users/brodynelson/Library/CloudStorage/OneDrive-UniversityofMissouri/PROJECTS/project/node_modules/@msgpackr-extract/msgpackr-extract-linux-x64
151 silly reify mark deleted [
151 silly reify   '/Users/brodynelson/Library/CloudStorage/OneDrive-UniversityofMissouri/PROJECTS/project/node_modules/@msgpackr-extract/msgpackr-extract-linux-x64'
151 silly reify ]
152 verbose reify failed optional dependency /Users/brodynelson/Library/CloudStorage/OneDrive-UniversityofMissouri/PROJECTS/project/node_modules/@msgpackr-extract/msgpackr-extract-linux-arm64
153 silly reify mark deleted [
153 silly reify   '/Users/brodynelson/Library/CloudStorage/OneDrive-UniversityofMissouri/PROJECTS/project/node_modules/@msgpackr-extract/msgpackr-extract-linux-arm64'
153 silly reify ]
154 verbose reify failed optional dependency /Users/brodynelson/Library/CloudStorage/OneDrive-UniversityofMissouri/PROJECTS/project/node_modules/@msgpackr-extract/msgpackr-extract-linux-arm
155 silly reify mark deleted [
155 silly reify   '/Users/brodynelson/Library/CloudStorage/OneDrive-UniversityofMissouri/PROJECTS/project/node_modules/@msgpackr-extract/msgpackr-extract-linux-arm'
155 silly reify ]
156 verbose reify failed optional dependency /Users/brodynelson/Library/CloudStorage/OneDrive-UniversityofMissouri/PROJECTS/project/node_modules/@msgpackr-extract/msgpackr-extract-darwin-x64
157 silly reify mark deleted [
157 silly reify   '/Users/brodynelson/Library/CloudStorage/OneDrive-UniversityofMissouri/PROJECTS/project/node_modules/@msgpackr-extract/msgpackr-extract-darwin-x64'
157 silly reify ]
158 verbose reify failed optional dependency /Users/brodynelson/Library/CloudStorage/OneDrive-UniversityofMissouri/PROJECTS/project/node_modules/@lmdb/lmdb-win32-x64
159 silly reify mark deleted [
159 silly reify   '/Users/brodynelson/Library/CloudStorage/OneDrive-UniversityofMissouri/PROJECTS/project/node_modules/@lmdb/lmdb-win32-x64'
159 silly reify ]
160 verbose reify failed optional dependency /Users/brodynelson/Library/CloudStorage/OneDrive-UniversityofMissouri/PROJECTS/project/node_modules/@lmdb/lmdb-linux-x64
161 silly reify mark deleted [
161 silly reify   '/Users/brodynelson/Library/CloudStorage/OneDrive-UniversityofMissouri/PROJECTS/project/node_modules/@lmdb/lmdb-linux-x64'
161 silly reify ]
162 verbose reify failed optional dependency /Users/brodynelson/Library/CloudStorage/OneDrive-UniversityofMissouri/PROJECTS/project/node_modules/@lmdb/lmdb-linux-arm64
163 silly reify mark deleted [
163 silly reify   '/Users/brodynelson/Library/CloudStorage/OneDrive-UniversityofMissouri/PROJECTS/project/node_modules/@lmdb/lmdb-linux-arm64'
163 silly reify ]
164 verbose reify failed optional dependency /Users/brodynelson/Library/CloudStorage/OneDrive-UniversityofMissouri/PROJECTS/project/node_modules/@lmdb/lmdb-linux-arm
165 silly reify mark deleted [
165 silly reify   '/Users/brodynelson/Library/CloudStorage/OneDrive-UniversityofMissouri/PROJECTS/project/node_modules/@lmdb/lmdb-linux-arm'
165 silly reify ]
166 verbose reify failed optional dependency /Users/brodynelson/Library/CloudStorage/OneDrive-UniversityofMissouri/PROJECTS/project/node_modules/@lmdb/lmdb-darwin-x64
167 silly reify mark deleted [
167 silly reify   '/Users/brodynelson/Library/CloudStorage/OneDrive-UniversityofMissouri/PROJECTS/project/node_modules/@lmdb/lmdb-darwin-x64'
167 silly reify ]
168 verbose reify failed optional dependency /Users/brodynelson/Library/CloudStorage/OneDrive-UniversityofMissouri/PROJECTS/project/node_modules/@esbuild/win32-x64
169 silly reify mark deleted [
169 silly reify   '/Users/brodynelson/Library/CloudStorage/OneDrive-UniversityofMissouri/PROJECTS/project/node_modules/@esbuild/win32-x64'
169 silly reify ]
170 verbose reify failed optional dependency /Users/brodynelson/Library/CloudStorage/OneDrive-UniversityofMissouri/PROJECTS/project/node_modules/@esbuild/win32-ia32
171 silly reify mark deleted [
171 silly reify   '/Users/brodynelson/Library/CloudStorage/OneDrive-UniversityofMissouri/PROJECTS/project/node_modules/@esbuild/win32-ia32'
171 silly reify ]
172 verbose reify failed optional dependency /Users/brodynelson/Library/CloudStorage/OneDrive-UniversityofMissouri/PROJECTS/project/node_modules/@esbuild/win32-arm64
173 silly reify mark deleted [
173 silly reify   '/Users/brodynelson/Library/CloudStorage/OneDrive-UniversityofMissouri/PROJECTS/project/node_modules/@esbuild/win32-arm64'
173 silly reify ]
174 verbose reify failed optional dependency /Users/brodynelson/Library/CloudStorage/OneDrive-UniversityofMissouri/PROJECTS/project/node_modules/@esbuild/sunos-x64
175 silly reify mark deleted [
175 silly reify   '/Users/brodynelson/Library/CloudStorage/OneDrive-UniversityofMissouri/PROJECTS/project/node_modules/@esbuild/sunos-x64'
175 silly reify ]
176 verbose reify failed optional dependency /Users/brodynelson/Library/CloudStorage/OneDrive-UniversityofMissouri/PROJECTS/project/node_modules/@esbuild/openbsd-x64
177 silly reify mark deleted [
177 silly reify   '/Users/brodynelson/Library/CloudStorage/OneDrive-UniversityofMissouri/PROJECTS/project/node_modules/@esbuild/openbsd-x64'
177 silly reify ]
178 verbose reify failed optional dependency /Users/brodynelson/Library/CloudStorage/OneDrive-UniversityofMissouri/PROJECTS/project/node_modules/@esbuild/openbsd-arm64
179 silly reify mark deleted [
179 silly reify   '/Users/brodynelson/Library/CloudStorage/OneDrive-UniversityofMissouri/PROJECTS/project/node_modules/@esbuild/openbsd-arm64'
179 silly reify ]
180 verbose reify failed optional dependency /Users/brodynelson/Library/CloudStorage/OneDrive-UniversityofMissouri/PROJECTS/project/node_modules/@esbuild/netbsd-x64
181 silly reify mark deleted [
181 silly reify   '/Users/brodynelson/Library/CloudStorage/OneDrive-UniversityofMissouri/PROJECTS/project/node_modules/@esbuild/netbsd-x64'
181 silly reify ]
182 verbose reify failed optional dependency /Users/brodynelson/Library/CloudStorage/OneDrive-UniversityofMissouri/PROJECTS/project/node_modules/@esbuild/linux-x64
183 silly reify mark deleted [
183 silly reify   '/Users/brodynelson/Library/CloudStorage/OneDrive-UniversityofMissouri/PROJECTS/project/node_modules/@esbuild/linux-x64'
183 silly reify ]
184 verbose reify failed optional dependency /Users/brodynelson/Library/CloudStorage/OneDrive-UniversityofMissouri/PROJECTS/project/node_modules/@esbuild/linux-s390x
185 silly reify mark deleted [
185 silly reify   '/Users/brodynelson/Library/CloudStorage/OneDrive-UniversityofMissouri/PROJECTS/project/node_modules/@esbuild/linux-s390x'
185 silly reify ]
186 verbose reify failed optional dependency /Users/brodynelson/Library/CloudStorage/OneDrive-UniversityofMissouri/PROJECTS/project/node_modules/@esbuild/linux-riscv64
187 silly reify mark deleted [
187 silly reify   '/Users/brodynelson/Library/CloudStorage/OneDrive-UniversityofMissouri/PROJECTS/project/node_modules/@esbuild/linux-riscv64'
187 silly reify ]
188 verbose reify failed optional dependency /Users/brodynelson/Library/CloudStorage/OneDrive-UniversityofMissouri/PROJECTS/project/node_modules/@esbuild/linux-ppc64
189 silly reify mark deleted [
189 silly reify   '/Users/brodynelson/Library/CloudStorage/OneDrive-UniversityofMissouri/PROJECTS/project/node_modules/@esbuild/linux-ppc64'
189 silly reify ]
190 verbose reify failed optional dependency /Users/brodynelson/Library/CloudStorage/OneDrive-UniversityofMissouri/PROJECTS/project/node_modules/@esbuild/linux-mips64el
191 silly reify mark deleted [
191 silly reify   '/Users/brodynelson/Library/CloudStorage/OneDrive-UniversityofMissouri/PROJECTS/project/node_modules/@esbuild/linux-mips64el'
191 silly reify ]
192 verbose reify failed optional dependency /Users/brodynelson/Library/CloudStorage/OneDrive-UniversityofMissouri/PROJECTS/project/node_modules/@esbuild/linux-loong64
193 silly reify mark deleted [
193 silly reify   '/Users/brodynelson/Library/CloudStorage/OneDrive-UniversityofMissouri/PROJECTS/project/node_modules/@esbuild/linux-loong64'
193 silly reify ]
194 verbose reify failed optional dependency /Users/brodynelson/Library/CloudStorage/OneDrive-UniversityofMissouri/PROJECTS/project/node_modules/@esbuild/linux-ia32
195 silly reify mark deleted [
195 silly reify   '/Users/brodynelson/Library/CloudStorage/OneDrive-UniversityofMissouri/PROJECTS/project/node_modules/@esbuild/linux-ia32'
195 silly reify ]
196 verbose reify failed optional dependency /Users/brodynelson/Library/CloudStorage/OneDrive-UniversityofMissouri/PROJECTS/project/node_modules/@esbuild/linux-arm64
197 silly reify mark deleted [
197 silly reify   '/Users/brodynelson/Library/CloudStorage/OneDrive-UniversityofMissouri/PROJECTS/project/node_modules/@esbuild/linux-arm64'
197 silly reify ]
198 verbose reify failed optional dependency /Users/brodynelson/Library/CloudStorage/OneDrive-UniversityofMissouri/PROJECTS/project/node_modules/@esbuild/linux-arm
199 silly reify mark deleted [
199 silly reify   '/Users/brodynelson/Library/CloudStorage/OneDrive-UniversityofMissouri/PROJECTS/project/node_modules/@esbuild/linux-arm'
199 silly reify ]
200 verbose reify failed optional dependency /Users/brodynelson/Library/CloudStorage/OneDrive-UniversityofMissouri/PROJECTS/project/node_modules/@esbuild/freebsd-x64
201 silly reify mark deleted [
201 silly reify   '/Users/brodynelson/Library/CloudStorage/OneDrive-UniversityofMissouri/PROJECTS/project/node_modules/@esbuild/freebsd-x64'
201 silly reify ]
202 verbose reify failed optional dependency /Users/brodynelson/Library/CloudStorage/OneDrive-UniversityofMissouri/PROJECTS/project/node_modules/@esbuild/freebsd-arm64
203 silly reify mark deleted [
203 silly reify   '/Users/brodynelson/Library/CloudStorage/OneDrive-UniversityofMissouri/PROJECTS/project/node_modules/@esbuild/freebsd-arm64'
203 silly reify ]
204 verbose reify failed optional dependency /Users/brodynelson/Library/CloudStorage/OneDrive-UniversityofMissouri/PROJECTS/project/node_modules/@esbuild/darwin-x64
205 silly reify mark deleted [
205 silly reify   '/Users/brodynelson/Library/CloudStorage/OneDrive-UniversityofMissouri/PROJECTS/project/node_modules/@esbuild/darwin-x64'
205 silly reify ]
206 verbose reify failed optional dependency /Users/brodynelson/Library/CloudStorage/OneDrive-UniversityofMissouri/PROJECTS/project/node_modules/@esbuild/android-x64
207 silly reify mark deleted [
207 silly reify   '/Users/brodynelson/Library/CloudStorage/OneDrive-UniversityofMissouri/PROJECTS/project/node_modules/@esbuild/android-x64'
207 silly reify ]
208 verbose reify failed optional dependency /Users/brodynelson/Library/CloudStorage/OneDrive-UniversityofMissouri/PROJECTS/project/node_modules/@esbuild/android-arm64
209 silly reify mark deleted [
209 silly reify   '/Users/brodynelson/Library/CloudStorage/OneDrive-UniversityofMissouri/PROJECTS/project/node_modules/@esbuild/android-arm64'
209 silly reify ]
210 verbose reify failed optional dependency /Users/brodynelson/Library/CloudStorage/OneDrive-UniversityofMissouri/PROJECTS/project/node_modules/@esbuild/android-arm
211 silly reify mark deleted [
211 silly reify   '/Users/brodynelson/Library/CloudStorage/OneDrive-UniversityofMissouri/PROJECTS/project/node_modules/@esbuild/android-arm'
211 silly reify ]
212 verbose reify failed optional dependency /Users/brodynelson/Library/CloudStorage/OneDrive-UniversityofMissouri/PROJECTS/project/node_modules/@esbuild/aix-ppc64
213 silly reify mark deleted [
213 silly reify   '/Users/brodynelson/Library/CloudStorage/OneDrive-UniversityofMissouri/PROJECTS/project/node_modules/@esbuild/aix-ppc64'
213 silly reify ]
214 http cache zone.js@https://registry.npmjs.org/zone.js/-/zone.js-0.15.0.tgz 1ms (cache hit)
215 http cache yargs@https://registry.npmjs.org/yargs/-/yargs-17.7.2.tgz 0ms (cache hit)
216 http cache yargs-parser@https://registry.npmjs.org/yargs-parser/-/yargs-parser-21.1.1.tgz 0ms (cache hit)
217 http cache yallist@https://registry.npmjs.org/yallist/-/yallist-3.1.1.tgz 0ms (cache hit)
218 http cache yoctocolors-cjs@https://registry.npmjs.org/yoctocolors-cjs/-/yoctocolors-cjs-2.1.2.tgz 0ms (cache hit)
219 http cache wrap-ansi-cjs@https://registry.npmjs.org/wrap-ansi/-/wrap-ansi-7.0.0.tgz 0ms (cache hit)
220 http cache y18n@https://registry.npmjs.org/y18n/-/y18n-5.0.8.tgz 0ms (cache hit)
221 http cache which@https://registry.npmjs.org/which/-/which-5.0.0.tgz 0ms (cache hit)
222 http cache weak-lru-cache@https://registry.npmjs.org/weak-lru-cache/-/weak-lru-cache-1.2.2.tgz 1ms (cache hit)
223 http cache watchpack@https://registry.npmjs.org/watchpack/-/watchpack-2.4.2.tgz 0ms (cache hit)
224 http cache wcwidth@https://registry.npmjs.org/wcwidth/-/wcwidth-1.0.1.tgz 0ms (cache hit)
225 http cache vite@https://registry.npmjs.org/vite/-/vite-5.4.11.tgz 0ms (cache hit)
226 http cache validate-npm-package-name@https://registry.npmjs.org/validate-npm-package-name/-/validate-npm-package-name-6.0.0.tgz 0ms (cache hit)
227 http cache validate-npm-package-license@https://registry.npmjs.org/validate-npm-package-license/-/validate-npm-package-license-3.0.4.tgz 0ms (cache hit)
228 http cache util-deprecate@https://registry.npmjs.org/util-deprecate/-/util-deprecate-1.0.2.tgz 0ms (cache hit)
229 http cache update-browserslist-db@https://registry.npmjs.org/update-browserslist-db/-/update-browserslist-db-1.1.1.tgz 0ms (cache hit)
230 http cache unique-slug@https://registry.npmjs.org/unique-slug/-/unique-slug-5.0.0.tgz 0ms (cache hit)
231 http cache unique-filename@https://registry.npmjs.org/unique-filename/-/unique-filename-4.0.0.tgz 0ms (cache hit)
232 http cache typescript@https://registry.npmjs.org/typescript/-/typescript-5.6.3.tgz 0ms (cache hit)
233 http cache to-regex-range@https://registry.npmjs.org/to-regex-range/-/to-regex-range-5.0.1.tgz 0ms (cache hit)
234 http cache type-fest@https://registry.npmjs.org/type-fest/-/type-fest-0.21.3.tgz 0ms (cache hit)
235 http cache tslib@https://registry.npmjs.org/tslib/-/tslib-2.8.1.tgz 0ms (cache hit)
236 http cache tar@https://registry.npmjs.org/tar/-/tar-6.2.1.tgz 0ms (cache hit)
237 http cache tmp@https://registry.npmjs.org/tmp/-/tmp-0.0.33.tgz 0ms (cache hit)
238 http cache symbol-observable@https://registry.npmjs.org/symbol-observable/-/symbol-observable-4.0.0.tgz 0ms (cache hit)
239 http cache supports-preserve-symlinks-flag@https://registry.npmjs.org/supports-preserve-symlinks-flag/-/supports-preserve-symlinks-flag-1.0.0.tgz 0ms (cache hit)
240 http cache supports-color@https://registry.npmjs.org/supports-color/-/supports-color-7.2.0.tgz 0ms (cache hit)
241 http cache tuf-js@https://registry.npmjs.org/tuf-js/-/tuf-js-3.0.1.tgz 0ms (cache hit)
242 http cache strip-ansi-cjs@https://registry.npmjs.org/strip-ansi/-/strip-ansi-6.0.1.tgz 0ms (cache hit)
243 http cache string-width-cjs@https://registry.npmjs.org/string-width/-/string-width-4.2.3.tgz 0ms (cache hit)
244 http cache wrap-ansi@https://registry.npmjs.org/wrap-ansi/-/wrap-ansi-6.2.0.tgz 0ms (cache hit)
245 http cache string-width@https://registry.npmjs.org/string-width/-/string-width-7.2.0.tgz 0ms (cache hit)
246 http cache string_decoder@https://registry.npmjs.org/string_decoder/-/string_decoder-1.3.0.tgz 0ms (cache hit)
247 http cache sprintf-js@https://registry.npmjs.org/sprintf-js/-/sprintf-js-1.1.3.tgz 0ms (cache hit)
248 http cache spdx-license-ids@https://registry.npmjs.org/spdx-license-ids/-/spdx-license-ids-3.0.20.tgz 0ms (cache hit)
249 http cache spdx-expression-parse@https://registry.npmjs.org/spdx-expression-parse/-/spdx-expression-parse-3.0.1.tgz 0ms (cache hit)
250 http cache spdx-exceptions@https://registry.npmjs.org/spdx-exceptions/-/spdx-exceptions-2.5.0.tgz 0ms (cache hit)
251 http cache source-map-js@https://registry.npmjs.org/source-map-js/-/source-map-js-1.2.1.tgz 0ms (cache hit)
252 http cache strip-ansi@https://registry.npmjs.org/strip-ansi/-/strip-ansi-6.0.1.tgz 0ms (cache hit)
253 http cache source-map@https://registry.npmjs.org/source-map/-/source-map-0.7.4.tgz 0ms (cache hit)
254 http cache socks@https://registry.npmjs.org/socks/-/socks-2.8.3.tgz 0ms (cache hit)
255 http cache spdx-correct@https://registry.npmjs.org/spdx-correct/-/spdx-correct-3.2.0.tgz 0ms (cache hit)
256 http cache socks-proxy-agent@https://registry.npmjs.org/socks-proxy-agent/-/socks-proxy-agent-8.0.4.tgz 0ms (cache hit)
257 http cache sigstore@https://registry.npmjs.org/sigstore/-/sigstore-3.0.0.tgz 0ms (cache hit)
258 http cache signal-exit@https://registry.npmjs.org/signal-exit/-/signal-exit-4.1.0.tgz 0ms (cache hit)
259 http cache shebang-command@https://registry.npmjs.org/shebang-command/-/shebang-command-2.0.0.tgz 0ms (cache hit)
260 http cache slice-ansi@https://registry.npmjs.org/slice-ansi/-/slice-ansi-5.0.0.tgz 0ms (cache hit)
261 http cache semver@https://registry.npmjs.org/semver/-/semver-7.6.3.tgz 0ms (cache hit)
262 http cache sass@https://registry.npmjs.org/sass/-/sass-1.80.7.tgz 0ms (cache hit)
263 http cache shebang-regex@https://registry.npmjs.org/shebang-regex/-/shebang-regex-3.0.0.tgz 0ms (cache hit)
264 http cache smart-buffer@https://registry.npmjs.org/smart-buffer/-/smart-buffer-4.2.0.tgz 0ms (cache hit)
265 http cache safer-buffer@https://registry.npmjs.org/safer-buffer/-/safer-buffer-2.1.2.tgz 0ms (cache hit)
266 http cache safe-buffer@https://registry.npmjs.org/safe-buffer/-/safe-buffer-5.2.1.tgz 0ms (cache hit)
267 http cache run-parallel@https://registry.npmjs.org/run-parallel/-/run-parallel-1.2.0.tgz 0ms (cache hit)
268 http cache rxjs@https://registry.npmjs.org/rxjs/-/rxjs-7.8.1.tgz 0ms (cache hit)
269 http cache rollup@https://registry.npmjs.org/rollup/-/rollup-4.26.0.tgz 0ms (cache hit)
270 http cache rfdc@https://registry.npmjs.org/rfdc/-/rfdc-1.4.1.tgz 0ms (cache hit)
271 http cache rimraf@https://registry.npmjs.org/rimraf/-/rimraf-5.0.10.tgz 0ms (cache hit)
272 http cache retry@https://registry.npmjs.org/retry/-/retry-0.12.0.tgz 0ms (cache hit)
273 http cache resolve@https://registry.npmjs.org/resolve/-/resolve-1.22.8.tgz 0ms (cache hit)
274 http cache restore-cursor@https://registry.npmjs.org/restore-cursor/-/restore-cursor-5.1.0.tgz 0ms (cache hit)
275 http cache require-from-string@https://registry.npmjs.org/require-from-string/-/require-from-string-2.0.2.tgz 0ms (cache hit)
276 http cache require-directory@https://registry.npmjs.org/require-directory/-/require-directory-2.1.1.tgz 0ms (cache hit)
277 http cache readdirp@https://registry.npmjs.org/readdirp/-/readdirp-4.0.2.tgz 0ms (cache hit)
278 http cache reflect-metadata@https://registry.npmjs.org/reflect-metadata/-/reflect-metadata-0.2.2.tgz 0ms (cache hit)
279 http cache reusify@https://registry.npmjs.org/reusify/-/reusify-1.0.4.tgz 0ms (cache hit)
280 http cache queue-microtask@https://registry.npmjs.org/queue-microtask/-/queue-microtask-1.2.3.tgz 0ms (cache hit)
281 http cache readable-stream@https://registry.npmjs.org/readable-stream/-/readable-stream-3.6.2.tgz 0ms (cache hit)
282 http cache proc-log@https://registry.npmjs.org/proc-log/-/proc-log-5.0.0.tgz 0ms (cache hit)
283 http cache promise-retry@https://registry.npmjs.org/promise-retry/-/promise-retry-2.0.1.tgz 0ms (cache hit)
284 http cache postcss@https://registry.npmjs.org/postcss/-/postcss-8.4.49.tgz 0ms (cache hit)
285 http cache promise-inflight@https://registry.npmjs.org/promise-inflight/-/promise-inflight-1.0.1.tgz 0ms (cache hit)
286 http cache postcss-media-query-parser@https://registry.npmjs.org/postcss-media-query-parser/-/postcss-media-query-parser-0.2.3.tgz 0ms (cache hit)
287 http cache picomatch@https://registry.npmjs.org/picomatch/-/picomatch-4.0.2.tgz 0ms (cache hit)
288 http cache piscina@https://registry.npmjs.org/piscina/-/piscina-4.7.0.tgz 0ms (cache hit)
289 http cache path-scurry@https://registry.npmjs.org/path-scurry/-/path-scurry-1.11.1.tgz 0ms (cache hit)
290 http cache picocolors@https://registry.npmjs.org/picocolors/-/picocolors-1.1.1.tgz 0ms (cache hit)
291 http cache parse5-html-rewriting-stream@https://registry.npmjs.org/parse5-html-rewriting-stream/-/parse5-html-rewriting-stream-7.0.0.tgz 0ms (cache hit)
292 http cache parse5-sax-parser@https://registry.npmjs.org/parse5-sax-parser/-/parse5-sax-parser-7.0.0.tgz 0ms (cache hit)
293 http cache path-parse@https://registry.npmjs.org/path-parse/-/path-parse-1.0.7.tgz 0ms (cache hit)
294 http cache path-key@https://registry.npmjs.org/path-key/-/path-key-3.1.1.tgz 0ms (cache hit)
295 http cache parse5@https://registry.npmjs.org/parse5/-/parse5-7.2.1.tgz 0ms (cache hit)
296 http cache pacote@https://registry.npmjs.org/pacote/-/pacote-20.0.0.tgz 0ms (cache hit)
297 http cache p-map@https://registry.npmjs.org/p-map/-/p-map-7.0.2.tgz 0ms (cache hit)
298 http cache package-json-from-dist@https://registry.npmjs.org/package-json-from-dist/-/package-json-from-dist-1.0.1.tgz 0ms (cache hit)
299 http cache onetime@https://registry.npmjs.org/onetime/-/onetime-7.0.0.tgz 0ms (cache hit)
300 http cache ora@https://registry.npmjs.org/ora/-/ora-5.4.1.tgz 0ms (cache hit)
301 http cache os-tmpdir@https://registry.npmjs.org/os-tmpdir/-/os-tmpdir-1.0.2.tgz 0ms (cache hit)
302 http cache nth-check@https://registry.npmjs.org/nth-check/-/nth-check-2.1.1.tgz 0ms (cache hit)
303 http cache npm-pick-manifest@https://registry.npmjs.org/npm-pick-manifest/-/npm-pick-manifest-10.0.0.tgz 0ms (cache hit)
304 http cache ordered-binary@https://registry.npmjs.org/ordered-binary/-/ordered-binary-1.5.3.tgz 0ms (cache hit)
305 http cache npm-packlist@https://registry.npmjs.org/npm-packlist/-/npm-packlist-9.0.0.tgz 0ms (cache hit)
306 http cache npm-registry-fetch@https://registry.npmjs.org/npm-registry-fetch/-/npm-registry-fetch-18.0.2.tgz 0ms (cache hit)
307 http cache npm-normalize-package-bin@https://registry.npmjs.org/npm-normalize-package-bin/-/npm-normalize-package-bin-4.0.0.tgz 0ms (cache hit)
308 http cache npm-package-arg@https://registry.npmjs.org/npm-package-arg/-/npm-package-arg-12.0.0.tgz 0ms (cache hit)
309 http cache npm-bundled@https://registry.npmjs.org/npm-bundled/-/npm-bundled-4.0.0.tgz 0ms (cache hit)
310 http cache npm-install-checks@https://registry.npmjs.org/npm-install-checks/-/npm-install-checks-7.1.0.tgz 0ms (cache hit)
311 http cache normalize-package-data@https://registry.npmjs.org/normalize-package-data/-/normalize-package-data-7.0.0.tgz 0ms (cache hit)
312 http cache ssri@https://registry.npmjs.org/ssri/-/ssri-12.0.0.tgz 0ms (cache hit)
313 http cache node-releases@https://registry.npmjs.org/node-releases/-/node-releases-2.0.18.tgz 0ms (cache hit)
314 http cache node-gyp-build-optional-packages@https://registry.npmjs.org/node-gyp-build-optional-packages/-/node-gyp-build-optional-packages-5.2.2.tgz 0ms (cache hit)
315 http cache nopt@https://registry.npmjs.org/nopt/-/nopt-7.2.1.tgz 0ms (cache hit)
316 http cache negotiator@https://registry.npmjs.org/negotiator/-/negotiator-0.6.4.tgz 0ms (cache hit)
317 http cache node-gyp@https://registry.npmjs.org/node-gyp/-/node-gyp-10.2.0.tgz 0ms (cache hit)
318 http cache mute-stream@https://registry.npmjs.org/mute-stream/-/mute-stream-2.0.0.tgz 0ms (cache hit)
319 http cache nanoid@https://registry.npmjs.org/nanoid/-/nanoid-3.3.7.tgz 0ms (cache hit)
320 http cache node-addon-api@https://registry.npmjs.org/node-addon-api/-/node-addon-api-6.1.0.tgz 0ms (cache hit)
321 http cache msgpackr-extract@https://registry.npmjs.org/msgpackr-extract/-/msgpackr-extract-3.0.3.tgz 0ms (cache hit)
322 http cache mrmime@https://registry.npmjs.org/mrmime/-/mrmime-2.0.0.tgz 0ms (cache hit)
323 http cache mkdirp@https://registry.npmjs.org/mkdirp/-/mkdirp-1.0.4.tgz 0ms (cache hit)
324 http cache minipass-sized@https://registry.npmjs.org/minipass-sized/-/minipass-sized-1.0.3.tgz 0ms (cache hit)
325 http cache minizlib@https://registry.npmjs.org/minizlib/-/minizlib-2.1.2.tgz 0ms (cache hit)
326 http cache ms@https://registry.npmjs.org/ms/-/ms-2.1.3.tgz 0ms (cache hit)
327 http cache minipass-pipeline@https://registry.npmjs.org/minipass-pipeline/-/minipass-pipeline-1.2.4.tgz 0ms (cache hit)
328 http cache minipass-fetch@https://registry.npmjs.org/minipass-fetch/-/minipass-fetch-3.0.5.tgz 0ms (cache hit)
329 http cache minipass-flush@https://registry.npmjs.org/minipass-flush/-/minipass-flush-1.0.5.tgz 0ms (cache hit)
330 http cache minipass@https://registry.npmjs.org/minipass/-/minipass-7.1.2.tgz 0ms (cache hit)
331 http cache minimatch@https://registry.npmjs.org/minimatch/-/minimatch-9.0.5.tgz 0ms (cache hit)
332 http cache minipass-collect@https://registry.npmjs.org/minipass-collect/-/minipass-collect-2.0.1.tgz 0ms (cache hit)
333 http cache msgpackr@https://registry.npmjs.org/msgpackr/-/msgpackr-1.11.2.tgz 0ms (cache hit)
334 http cache mimic-fn@https://registry.npmjs.org/mimic-fn/-/mimic-fn-2.1.0.tgz 0ms (cache hit)
335 http cache micromatch@https://registry.npmjs.org/micromatch/-/micromatch-4.0.8.tgz 0ms (cache hit)
336 http cache merge2@https://registry.npmjs.org/merge2/-/merge2-1.4.1.tgz 0ms (cache hit)
337 http cache lru-cache@https://registry.npmjs.org/lru-cache/-/lru-cache-5.1.1.tgz 0ms (cache hit)
338 http cache magic-string@https://registry.npmjs.org/magic-string/-/magic-string-0.30.12.tgz 0ms (cache hit)
339 http cache make-fetch-happen@https://registry.npmjs.org/make-fetch-happen/-/make-fetch-happen-13.0.1.tgz 0ms (cache hit)
340 http cache mimic-function@https://registry.npmjs.org/mimic-function/-/mimic-function-5.0.1.tgz 0ms (cache hit)
341 http cache lmdb@https://registry.npmjs.org/lmdb/-/lmdb-3.1.5.tgz 0ms (cache hit)
342 http cache log-symbols@https://registry.npmjs.org/log-symbols/-/log-symbols-4.1.0.tgz 0ms (cache hit)
343 http cache listr2@https://registry.npmjs.org/listr2/-/listr2-8.2.5.tgz 0ms (cache hit)
344 http cache log-update@https://registry.npmjs.org/log-update/-/log-update-6.1.0.tgz 0ms (cache hit)
345 http cache json5@https://registry.npmjs.org/json5/-/json5-2.2.3.tgz 0ms (cache hit)
346 http cache jsonparse@https://registry.npmjs.org/jsonparse/-/jsonparse-1.3.1.tgz 0ms (cache hit)
347 http cache jsonc-parser@https://registry.npmjs.org/jsonc-parser/-/jsonc-parser-3.3.1.tgz 0ms (cache hit)
348 http cache json-schema-traverse@https://registry.npmjs.org/json-schema-traverse/-/json-schema-traverse-1.0.0.tgz 0ms (cache hit)
349 http cache json-parse-even-better-errors@https://registry.npmjs.org/json-parse-even-better-errors/-/json-parse-even-better-errors-4.0.0.tgz 0ms (cache hit)
350 http cache jsesc@https://registry.npmjs.org/jsesc/-/jsesc-3.0.2.tgz 0ms (cache hit)
351 http cache jackspeak@https://registry.npmjs.org/jackspeak/-/jackspeak-3.4.3.tgz 0ms (cache hit)
352 http cache js-tokens@https://registry.npmjs.org/js-tokens/-/js-tokens-4.0.0.tgz 0ms (cache hit)
353 http cache jsbn@https://registry.npmjs.org/jsbn/-/jsbn-1.1.0.tgz 0ms (cache hit)
354 http cache istanbul-lib-instrument@https://registry.npmjs.org/istanbul-lib-instrument/-/istanbul-lib-instrument-6.0.3.tgz 0ms (cache hit)
355 http cache isexe@https://registry.npmjs.org/isexe/-/isexe-3.1.1.tgz 0ms (cache hit)
356 http cache is-unicode-supported@https://registry.npmjs.org/is-unicode-supported/-/is-unicode-supported-0.1.0.tgz 0ms (cache hit)
357 http cache is-number@https://registry.npmjs.org/is-number/-/is-number-7.0.0.tgz 0ms (cache hit)
358 http cache is-lambda@https://registry.npmjs.org/is-lambda/-/is-lambda-1.0.1.tgz 0ms (cache hit)
359 http cache is-glob@https://registry.npmjs.org/is-glob/-/is-glob-4.0.3.tgz 0ms (cache hit)
360 http cache is-extglob@https://registry.npmjs.org/is-extglob/-/is-extglob-2.1.1.tgz 0ms (cache hit)
361 http cache istanbul-lib-coverage@https://registry.npmjs.org/istanbul-lib-coverage/-/istanbul-lib-coverage-3.2.2.tgz 0ms (cache hit)
362 http cache is-core-module@https://registry.npmjs.org/is-core-module/-/is-core-module-2.15.1.tgz 0ms (cache hit)
363 http cache is-fullwidth-code-point@https://registry.npmjs.org/is-fullwidth-code-point/-/is-fullwidth-code-point-4.0.0.tgz 0ms (cache hit)
364 http cache inherits@https://registry.npmjs.org/inherits/-/inherits-2.0.4.tgz 0ms (cache hit)
365 http cache ip-address@https://registry.npmjs.org/ip-address/-/ip-address-9.0.5.tgz 0ms (cache hit)
366 http cache ini@https://registry.npmjs.org/ini/-/ini-5.0.0.tgz 0ms (cache hit)
367 http cache is-interactive@https://registry.npmjs.org/is-interactive/-/is-interactive-1.0.0.tgz 0ms (cache hit)
368 http cache ignore-walk@https://registry.npmjs.org/ignore-walk/-/ignore-walk-7.0.0.tgz 0ms (cache hit)
369 http cache indent-string@https://registry.npmjs.org/indent-string/-/indent-string-4.0.0.tgz 0ms (cache hit)
370 http cache imurmurhash@https://registry.npmjs.org/imurmurhash/-/imurmurhash-0.1.4.tgz 0ms (cache hit)
371 http cache immutable@https://registry.npmjs.org/immutable/-/immutable-5.0.3.tgz 0ms (cache hit)
372 http cache ieee754@https://registry.npmjs.org/ieee754/-/ieee754-1.2.1.tgz 0ms (cache hit)
373 http cache iconv-lite@https://registry.npmjs.org/iconv-lite/-/iconv-lite-0.4.24.tgz 0ms (cache hit)
374 http cache http-proxy-agent@https://registry.npmjs.org/http-proxy-agent/-/http-proxy-agent-7.0.2.tgz 0ms (cache hit)
375 http cache hosted-git-info@https://registry.npmjs.org/hosted-git-info/-/hosted-git-info-8.0.0.tgz 0ms (cache hit)
376 http cache https-proxy-agent@https://registry.npmjs.org/https-proxy-agent/-/https-proxy-agent-7.0.5.tgz 0ms (cache hit)
377 http cache http-cache-semantics@https://registry.npmjs.org/http-cache-semantics/-/http-cache-semantics-4.1.1.tgz 0ms (cache hit)
378 http cache hasown@https://registry.npmjs.org/hasown/-/hasown-2.0.2.tgz 0ms (cache hit)
379 http cache htmlparser2@https://registry.npmjs.org/htmlparser2/-/htmlparser2-9.1.0.tgz 0ms (cache hit)
380 http cache graceful-fs@https://registry.npmjs.org/graceful-fs/-/graceful-fs-4.2.11.tgz 0ms (cache hit)
381 http cache has-flag@https://registry.npmjs.org/has-flag/-/has-flag-4.0.0.tgz 0ms (cache hit)
382 http cache glob-to-regexp@https://registry.npmjs.org/glob-to-regexp/-/glob-to-regexp-0.4.1.tgz 0ms (cache hit)
383 http cache get-east-asian-width@https://registry.npmjs.org/get-east-asian-width/-/get-east-asian-width-1.3.0.tgz 0ms (cache hit)
384 http cache gensync@https://registry.npmjs.org/gensync/-/gensync-1.0.0-beta.2.tgz 0ms (cache hit)
385 http cache globals@https://registry.npmjs.org/globals/-/globals-11.12.0.tgz 0ms (cache hit)
386 http cache get-caller-file@https://registry.npmjs.org/get-caller-file/-/get-caller-file-2.0.5.tgz 0ms (cache hit)
387 http cache glob@https://registry.npmjs.org/glob/-/glob-10.4.5.tgz 0ms (cache hit)
388 http cache fsevents@https://registry.npmjs.org/fsevents/-/fsevents-2.3.3.tgz 0ms (cache hit)
389 http cache fs-minipass@https://registry.npmjs.org/fs-minipass/-/fs-minipass-3.0.3.tgz 0ms (cache hit)
390 http cache function-bind@https://registry.npmjs.org/function-bind/-/function-bind-1.1.2.tgz 0ms (cache hit)
391 http cache glob-parent@https://registry.npmjs.org/glob-parent/-/glob-parent-5.1.2.tgz 0ms (cache hit)
392 http cache fastq@https://registry.npmjs.org/fastq/-/fastq-1.17.1.tgz 0ms (cache hit)
393 http cache foreground-child@https://registry.npmjs.org/foreground-child/-/foreground-child-3.3.0.tgz 0ms (cache hit)
394 http cache fast-deep-equal@https://registry.npmjs.org/fast-deep-equal/-/fast-deep-equal-3.1.3.tgz 0ms (cache hit)
395 http cache fast-glob@https://registry.npmjs.org/fast-glob/-/fast-glob-3.3.2.tgz 0ms (cache hit)
396 http cache exponential-backoff@https://registry.npmjs.org/exponential-backoff/-/exponential-backoff-3.1.1.tgz 0ms (cache hit)
397 http cache external-editor@https://registry.npmjs.org/external-editor/-/external-editor-3.1.0.tgz 0ms (cache hit)
398 http cache fast-uri@https://registry.npmjs.org/fast-uri/-/fast-uri-3.0.5.tgz 0ms (cache hit)
399 http cache fill-range@https://registry.npmjs.org/fill-range/-/fill-range-7.1.1.tgz 0ms (cache hit)
400 http cache escalade@https://registry.npmjs.org/escalade/-/escalade-3.2.0.tgz 0ms (cache hit)
401 http cache esbuild@https://registry.npmjs.org/esbuild/-/esbuild-0.24.0.tgz 0ms (cache hit)
402 http cache env-paths@https://registry.npmjs.org/env-paths/-/env-paths-2.2.1.tgz 0ms (cache hit)
403 http cache err-code@https://registry.npmjs.org/err-code/-/err-code-2.0.3.tgz 0ms (cache hit)
404 http cache entities@https://registry.npmjs.org/entities/-/entities-4.5.0.tgz 0ms (cache hit)
405 http cache environment@https://registry.npmjs.org/environment/-/environment-1.1.0.tgz 0ms (cache hit)
406 http cache emoji-regex@https://registry.npmjs.org/emoji-regex/-/emoji-regex-10.4.0.tgz 0ms (cache hit)
407 http cache encoding@https://registry.npmjs.org/encoding/-/encoding-0.1.13.tgz 0ms (cache hit)
408 http cache electron-to-chromium@https://registry.npmjs.org/electron-to-chromium/-/electron-to-chromium-1.5.63.tgz 0ms (cache hit)
409 http cache domutils@https://registry.npmjs.org/domutils/-/domutils-3.1.0.tgz 0ms (cache hit)
410 http cache eastasianwidth@https://registry.npmjs.org/eastasianwidth/-/eastasianwidth-0.2.0.tgz 0ms (cache hit)
411 http cache domhandler@https://registry.npmjs.org/domhandler/-/domhandler-5.0.3.tgz 0ms (cache hit)
412 http cache domelementtype@https://registry.npmjs.org/domelementtype/-/domelementtype-2.3.0.tgz 0ms (cache hit)
413 http cache dom-serializer@https://registry.npmjs.org/dom-serializer/-/dom-serializer-2.0.0.tgz 0ms (cache hit)
414 http cache css-what@https://registry.npmjs.org/css-what/-/css-what-6.1.0.tgz 0ms (cache hit)
415 http cache detect-libc@https://registry.npmjs.org/detect-libc/-/detect-libc-2.0.3.tgz 0ms (cache hit)
416 http cache debug@https://registry.npmjs.org/debug/-/debug-4.3.7.tgz 0ms (cache hit)
417 http cache css-select@https://registry.npmjs.org/css-select/-/css-select-5.1.0.tgz 0ms (cache hit)
418 http cache defaults@https://registry.npmjs.org/defaults/-/defaults-1.0.4.tgz 0ms (cache hit)
419 http cache cross-spawn@https://registry.npmjs.org/cross-spawn/-/cross-spawn-7.0.6.tgz 0ms (cache hit)
420 http cache color-name@https://registry.npmjs.org/color-name/-/color-name-1.1.4.tgz 0ms (cache hit)
421 http cache colorette@https://registry.npmjs.org/colorette/-/colorette-2.0.20.tgz 0ms (cache hit)
422 http cache convert-source-map@https://registry.npmjs.org/convert-source-map/-/convert-source-map-1.9.0.tgz 0ms (cache hit)
423 http cache cli-width@https://registry.npmjs.org/cli-width/-/cli-width-4.1.0.tgz 0ms (cache hit)
424 http cache cliui@https://registry.npmjs.org/cliui/-/cliui-8.0.1.tgz 0ms (cache hit)
425 http cache color-convert@https://registry.npmjs.org/color-convert/-/color-convert-2.0.1.tgz 0ms (cache hit)
426 http cache cli-truncate@https://registry.npmjs.org/cli-truncate/-/cli-truncate-4.0.0.tgz 0ms (cache hit)
427 http cache clean-stack@https://registry.npmjs.org/clean-stack/-/clean-stack-2.2.0.tgz 0ms (cache hit)
428 http cache cli-cursor@https://registry.npmjs.org/cli-cursor/-/cli-cursor-5.0.0.tgz 0ms (cache hit)
429 http cache cli-spinners@https://registry.npmjs.org/cli-spinners/-/cli-spinners-2.9.2.tgz 0ms (cache hit)
430 http cache chownr@https://registry.npmjs.org/chownr/-/chownr-2.0.0.tgz 0ms (cache hit)
431 http cache chokidar@https://registry.npmjs.org/chokidar/-/chokidar-4.0.1.tgz 0ms (cache hit)
432 http cache chardet@https://registry.npmjs.org/chardet/-/chardet-0.7.0.tgz 0ms (cache hit)
433 http cache caniuse-lite@https://registry.npmjs.org/caniuse-lite/-/caniuse-lite-1.0.30001680.tgz 0ms (cache hit)
434 http cache chalk@https://registry.npmjs.org/chalk/-/chalk-4.1.2.tgz 0ms (cache hit)
435 http cache clone@https://registry.npmjs.org/clone/-/clone-1.0.4.tgz 0ms (cache hit)
436 http cache browserslist@https://registry.npmjs.org/browserslist/-/browserslist-4.24.2.tgz 0ms (cache hit)
437 http cache braces@https://registry.npmjs.org/braces/-/braces-3.0.3.tgz 0ms (cache hit)
438 http cache buffer@https://registry.npmjs.org/buffer/-/buffer-5.7.1.tgz 0ms (cache hit)
439 http cache cacache@https://registry.npmjs.org/cacache/-/cacache-19.0.1.tgz 0ms (cache hit)
440 http cache boolbase@https://registry.npmjs.org/boolbase/-/boolbase-1.0.0.tgz 0ms (cache hit)
441 http cache brace-expansion@https://registry.npmjs.org/brace-expansion/-/brace-expansion-2.0.1.tgz 0ms (cache hit)
442 http cache bl@https://registry.npmjs.org/bl/-/bl-4.1.0.tgz 0ms (cache hit)
443 http cache beasties@https://registry.npmjs.org/beasties/-/beasties-0.1.0.tgz 0ms (cache hit)
444 http cache base64-js@https://registry.npmjs.org/base64-js/-/base64-js-1.5.1.tgz 0ms (cache hit)
445 http cache balanced-match@https://registry.npmjs.org/balanced-match/-/balanced-match-1.0.2.tgz 0ms (cache hit)
446 http cache ansi-regex@https://registry.npmjs.org/ansi-regex/-/ansi-regex-5.0.1.tgz 0ms (cache hit)
447 http cache ansi-escapes@https://registry.npmjs.org/ansi-escapes/-/ansi-escapes-4.3.2.tgz 0ms (cache hit)
448 http cache ansi-styles@https://registry.npmjs.org/ansi-styles/-/ansi-styles-6.2.1.tgz 0ms (cache hit)
449 http cache ajv-formats@https://registry.npmjs.org/ajv-formats/-/ajv-formats-3.0.1.tgz 0ms (cache hit)
450 http cache ajv@https://registry.npmjs.org/ajv/-/ajv-8.17.1.tgz 0ms (cache hit)
451 http cache agent-base@https://registry.npmjs.org/agent-base/-/agent-base-7.1.1.tgz 0ms (cache hit)
452 http cache aggregate-error@https://registry.npmjs.org/aggregate-error/-/aggregate-error-3.1.0.tgz 0ms (cache hit)
453 http cache abbrev@https://registry.npmjs.org/abbrev/-/abbrev-2.0.0.tgz 0ms (cache hit)
454 http cache @vitejs/plugin-basic-ssl@https://registry.npmjs.org/@vitejs/plugin-basic-ssl/-/plugin-basic-ssl-1.1.0.tgz 0ms (cache hit)
455 http cache @types/estree@https://registry.npmjs.org/@types/estree/-/estree-1.0.6.tgz 0ms (cache hit)
456 http cache @yarnpkg/lockfile@https://registry.npmjs.org/@yarnpkg/lockfile/-/lockfile-1.1.0.tgz 0ms (cache hit)
457 http cache @tufjs/models@https://registry.npmjs.org/@tufjs/models/-/models-3.0.1.tgz 0ms (cache hit)
458 http cache @sigstore/sign@https://registry.npmjs.org/@sigstore/sign/-/sign-3.0.0.tgz 0ms (cache hit)
459 http cache @sigstore/core@https://registry.npmjs.org/@sigstore/core/-/core-2.0.0.tgz 0ms (cache hit)
460 http cache @sigstore/tuf@https://registry.npmjs.org/@sigstore/tuf/-/tuf-3.0.0.tgz 0ms (cache hit)
461 http cache @sigstore/protobuf-specs@https://registry.npmjs.org/@sigstore/protobuf-specs/-/protobuf-specs-0.3.2.tgz 0ms (cache hit)
462 http cache @tufjs/canonical-json@https://registry.npmjs.org/@tufjs/canonical-json/-/canonical-json-2.0.0.tgz 0ms (cache hit)
463 http cache @sigstore/verify@https://registry.npmjs.org/@sigstore/verify/-/verify-2.0.0.tgz 0ms (cache hit)
464 http cache @sigstore/bundle@https://registry.npmjs.org/@sigstore/bundle/-/bundle-3.0.0.tgz 0ms (cache hit)
465 http cache @pkgjs/parseargs@https://registry.npmjs.org/@pkgjs/parseargs/-/parseargs-0.11.0.tgz 0ms (cache hit)
466 http cache @schematics/angular@https://registry.npmjs.org/@schematics/angular/-/angular-19.0.7.tgz 0ms (cache hit)
467 http cache @npmcli/redact@https://registry.npmjs.org/@npmcli/redact/-/redact-3.0.0.tgz 0ms (cache hit)
468 http cache @parcel/watcher-darwin-arm64@https://registry.npmjs.org/@parcel/watcher-darwin-arm64/-/watcher-darwin-arm64-2.5.0.tgz 0ms (cache hit)
469 http cache @rollup/rollup-darwin-arm64@https://registry.npmjs.org/@rollup/rollup-darwin-arm64/-/rollup-darwin-arm64-4.26.0.tgz 0ms (cache hit)
470 http cache @npmcli/run-script@https://registry.npmjs.org/@npmcli/run-script/-/run-script-9.0.1.tgz 0ms (cache hit)
471 http cache @parcel/watcher@https://registry.npmjs.org/@parcel/watcher/-/watcher-2.5.0.tgz 0ms (cache hit)
472 http cache @npmcli/promise-spawn@https://registry.npmjs.org/@npmcli/promise-spawn/-/promise-spawn-8.0.2.tgz 0ms (cache hit)
473 http cache @npmcli/node-gyp@https://registry.npmjs.org/@npmcli/node-gyp/-/node-gyp-4.0.0.tgz 0ms (cache hit)
474 http cache @npmcli/package-json@https://registry.npmjs.org/@npmcli/package-json/-/package-json-6.0.1.tgz 0ms (cache hit)
475 http cache @npmcli/git@https://registry.npmjs.org/@npmcli/git/-/git-6.0.1.tgz 0ms (cache hit)
476 http cache @npmcli/fs@https://registry.npmjs.org/@npmcli/fs/-/fs-4.0.0.tgz 0ms (cache hit)
477 http cache @nodelib/fs.stat@https://registry.npmjs.org/@nodelib/fs.stat/-/fs.stat-2.0.5.tgz 0ms (cache hit)
478 http cache @npmcli/agent@https://registry.npmjs.org/@npmcli/agent/-/agent-2.2.2.tgz 0ms (cache hit)
479 http cache @npmcli/installed-package-contents@https://registry.npmjs.org/@npmcli/installed-package-contents/-/installed-package-contents-3.0.0.tgz 0ms (cache hit)
480 http cache @nodelib/fs.scandir@https://registry.npmjs.org/@nodelib/fs.scandir/-/fs.scandir-2.1.5.tgz 0ms (cache hit)
481 http cache @napi-rs/nice-darwin-arm64@https://registry.npmjs.org/@napi-rs/nice-darwin-arm64/-/nice-darwin-arm64-1.0.1.tgz 0ms (cache hit)
482 http cache @napi-rs/nice@https://registry.npmjs.org/@napi-rs/nice/-/nice-1.0.1.tgz 0ms (cache hit)
483 http cache @msgpackr-extract/msgpackr-extract-darwin-arm64@https://registry.npmjs.org/@msgpackr-extract/msgpackr-extract-darwin-arm64/-/msgpackr-extract-darwin-arm64-3.0.3.tgz 0ms (cache hit)
484 http cache @listr2/prompt-adapter-inquirer@https://registry.npmjs.org/@listr2/prompt-adapter-inquirer/-/prompt-adapter-inquirer-2.0.18.tgz 0ms (cache hit)
485 http cache @nodelib/fs.walk@https://registry.npmjs.org/@nodelib/fs.walk/-/fs.walk-1.2.8.tgz 0ms (cache hit)
486 http cache @jridgewell/trace-mapping@https://registry.npmjs.org/@jridgewell/trace-mapping/-/trace-mapping-0.3.25.tgz 0ms (cache hit)
487 http cache @lmdb/lmdb-darwin-arm64@https://registry.npmjs.org/@lmdb/lmdb-darwin-arm64/-/lmdb-darwin-arm64-3.1.5.tgz 0ms (cache hit)
488 http cache @jridgewell/gen-mapping@https://registry.npmjs.org/@jridgewell/gen-mapping/-/gen-mapping-0.3.5.tgz 0ms (cache hit)
489 http cache @jridgewell/set-array@https://registry.npmjs.org/@jridgewell/set-array/-/set-array-1.2.1.tgz 0ms (cache hit)
490 http cache @jridgewell/sourcemap-codec@https://registry.npmjs.org/@jridgewell/sourcemap-codec/-/sourcemap-codec-1.5.0.tgz 0ms (cache hit)
491 http cache @jridgewell/resolve-uri@https://registry.npmjs.org/@jridgewell/resolve-uri/-/resolve-uri-3.1.2.tgz 0ms (cache hit)
492 http cache @istanbuljs/schema@https://registry.npmjs.org/@istanbuljs/schema/-/schema-0.1.3.tgz 0ms (cache hit)
493 http cache @inquirer/type@https://registry.npmjs.org/@inquirer/type/-/type-3.0.1.tgz 0ms (cache hit)
494 http cache @inquirer/select@https://registry.npmjs.org/@inquirer/select/-/select-4.0.2.tgz 0ms (cache hit)
495 http cache @isaacs/fs-minipass@https://registry.npmjs.org/@isaacs/fs-minipass/-/fs-minipass-4.0.1.tgz 0ms (cache hit)
496 http cache @inquirer/rawlist@https://registry.npmjs.org/@inquirer/rawlist/-/rawlist-4.0.2.tgz 0ms (cache hit)
497 http cache @inquirer/prompts@https://registry.npmjs.org/@inquirer/prompts/-/prompts-7.1.0.tgz 0ms (cache hit)
498 http cache @inquirer/password@https://registry.npmjs.org/@inquirer/password/-/password-4.0.2.tgz 0ms (cache hit)
499 http cache @inquirer/search@https://registry.npmjs.org/@inquirer/search/-/search-3.0.2.tgz 0ms (cache hit)
500 http cache @inquirer/figures@https://registry.npmjs.org/@inquirer/figures/-/figures-1.0.8.tgz 0ms (cache hit)
501 http cache @inquirer/input@https://registry.npmjs.org/@inquirer/input/-/input-4.0.2.tgz 0ms (cache hit)
502 http cache @isaacs/cliui@https://registry.npmjs.org/@isaacs/cliui/-/cliui-8.0.2.tgz 0ms (cache hit)
503 http cache @inquirer/number@https://registry.npmjs.org/@inquirer/number/-/number-3.0.2.tgz 0ms (cache hit)
504 http cache @inquirer/core@https://registry.npmjs.org/@inquirer/core/-/core-10.1.0.tgz 0ms (cache hit)
505 http cache @inquirer/expand@https://registry.npmjs.org/@inquirer/expand/-/expand-4.0.2.tgz 0ms (cache hit)
506 http cache @inquirer/checkbox@https://registry.npmjs.org/@inquirer/checkbox/-/checkbox-4.0.2.tgz 0ms (cache hit)
507 http cache @inquirer/editor@https://registry.npmjs.org/@inquirer/editor/-/editor-4.1.0.tgz 0ms (cache hit)
508 http cache @babel/traverse@https://registry.npmjs.org/@babel/traverse/-/traverse-7.25.9.tgz 0ms (cache hit)
509 http cache @inquirer/confirm@https://registry.npmjs.org/@inquirer/confirm/-/confirm-5.0.2.tgz 0ms (cache hit)
510 http cache @esbuild/darwin-arm64@https://registry.npmjs.org/@esbuild/darwin-arm64/-/darwin-arm64-0.24.0.tgz 0ms (cache hit)
511 http cache @babel/types@https://registry.npmjs.org/@babel/types/-/types-7.26.0.tgz 0ms (cache hit)
512 http cache @babel/parser@https://registry.npmjs.org/@babel/parser/-/parser-7.26.2.tgz 0ms (cache hit)
513 http cache @babel/template@https://registry.npmjs.org/@babel/template/-/template-7.25.9.tgz 0ms (cache hit)
514 http cache @babel/helper-validator-option@https://registry.npmjs.org/@babel/helper-validator-option/-/helper-validator-option-7.25.9.tgz 0ms (cache hit)
515 http cache @babel/plugin-syntax-import-attributes@https://registry.npmjs.org/@babel/plugin-syntax-import-attributes/-/plugin-syntax-import-attributes-7.26.0.tgz 0ms (cache hit)
516 http cache @babel/helpers@https://registry.npmjs.org/@babel/helpers/-/helpers-7.26.0.tgz 0ms (cache hit)
517 http cache @babel/helper-validator-identifier@https://registry.npmjs.org/@babel/helper-validator-identifier/-/helper-validator-identifier-7.25.9.tgz 0ms (cache hit)
518 http cache @babel/helper-split-export-declaration@https://registry.npmjs.org/@babel/helper-split-export-declaration/-/helper-split-export-declaration-7.24.7.tgz 0ms (cache hit)
519 http cache @babel/helper-string-parser@https://registry.npmjs.org/@babel/helper-string-parser/-/helper-string-parser-7.25.9.tgz 0ms (cache hit)
520 http cache @babel/helper-plugin-utils@https://registry.npmjs.org/@babel/helper-plugin-utils/-/helper-plugin-utils-7.25.9.tgz 0ms (cache hit)
521 http cache @babel/helper-module-transforms@https://registry.npmjs.org/@babel/helper-module-transforms/-/helper-module-transforms-7.26.0.tgz 0ms (cache hit)
522 http cache @babel/helper-module-imports@https://registry.npmjs.org/@babel/helper-module-imports/-/helper-module-imports-7.25.9.tgz 0ms (cache hit)
523 http cache @babel/helper-compilation-targets@https://registry.npmjs.org/@babel/helper-compilation-targets/-/helper-compilation-targets-7.25.9.tgz 0ms (cache hit)
524 http cache @babel/helper-annotate-as-pure@https://registry.npmjs.org/@babel/helper-annotate-as-pure/-/helper-annotate-as-pure-7.25.9.tgz 0ms (cache hit)
525 http cache @babel/generator@https://registry.npmjs.org/@babel/generator/-/generator-7.26.2.tgz 0ms (cache hit)
526 http cache @babel/code-frame@https://registry.npmjs.org/@babel/code-frame/-/code-frame-7.26.2.tgz 0ms (cache hit)
527 http cache @babel/core@https://registry.npmjs.org/@babel/core/-/core-7.26.0.tgz 0ms (cache hit)
528 http cache @babel/compat-data@https://registry.npmjs.org/@babel/compat-data/-/compat-data-7.26.2.tgz 0ms (cache hit)
529 http cache @angular/platform-browser-dynamic@https://registry.npmjs.org/@angular/platform-browser-dynamic/-/platform-browser-dynamic-19.2.7.tgz 0ms (cache hit)
530 http cache @angular/platform-browser@https://registry.npmjs.org/@angular/platform-browser/-/platform-browser-19.0.6.tgz 0ms (cache hit)
531 http cache @angular/material@https://registry.npmjs.org/@angular/material/-/material-19.2.10.tgz 0ms (cache hit)
532 http cache @angular/forms@https://registry.npmjs.org/@angular/forms/-/forms-19.0.6.tgz 0ms (cache hit)
533 http cache @angular/compiler-cli@https://registry.npmjs.org/@angular/compiler-cli/-/compiler-cli-19.0.6.tgz 0ms (cache hit)
534 http cache @angular/core@https://registry.npmjs.org/@angular/core/-/core-19.0.6.tgz 0ms (cache hit)
535 http cache @angular/router@https://registry.npmjs.org/@angular/router/-/router-19.0.6.tgz 0ms (cache hit)
536 http cache @angular/common@https://registry.npmjs.org/@angular/common/-/common-19.0.6.tgz 0ms (cache hit)
537 http cache @angular/cli@https://registry.npmjs.org/@angular/cli/-/cli-19.0.7.tgz 0ms (cache hit)
538 http cache @angular/build@https://registry.npmjs.org/@angular/build/-/build-19.0.7.tgz 0ms (cache hit)
539 http cache @angular/animations@https://registry.npmjs.org/@angular/animations/-/animations-19.0.6.tgz 0ms (cache hit)
540 http cache @angular-devkit/core@https://registry.npmjs.org/@angular-devkit/core/-/core-19.0.7.tgz 0ms (cache hit)
541 http cache @angular/compiler@https://registry.npmjs.org/@angular/compiler/-/compiler-19.0.6.tgz 0ms (cache hit)
542 http cache @ampproject/remapping@https://registry.npmjs.org/@ampproject/remapping/-/remapping-2.3.0.tgz 0ms (cache hit)
543 http cache @angular-devkit/architect@https://registry.npmjs.org/@angular-devkit/architect/-/architect-0.1900.7.tgz 0ms (cache hit)
544 http cache string-width@https://registry.npmjs.org/string-width/-/string-width-4.2.3.tgz 0ms (cache hit)
545 http cache emoji-regex@https://registry.npmjs.org/emoji-regex/-/emoji-regex-8.0.0.tgz 0ms (cache hit)
546 http cache emoji-regex@https://registry.npmjs.org/emoji-regex/-/emoji-regex-8.0.0.tgz 0ms (cache hit)
547 http cache ansi-styles@https://registry.npmjs.org/ansi-styles/-/ansi-styles-4.3.0.tgz 0ms (cache hit)
548 http cache string-width@https://registry.npmjs.org/string-width/-/string-width-4.2.3.tgz 0ms (cache hit)
549 http cache is-fullwidth-code-point@https://registry.npmjs.org/is-fullwidth-code-point/-/is-fullwidth-code-point-3.0.0.tgz 0ms (cache hit)
550 http cache string-width@https://registry.npmjs.org/string-width/-/string-width-4.2.3.tgz 0ms (cache hit)
551 http cache @angular-devkit/schematics@https://registry.npmjs.org/@angular-devkit/schematics/-/schematics-19.0.7.tgz 0ms (cache hit)
552 http cache is-fullwidth-code-point@https://registry.npmjs.org/is-fullwidth-code-point/-/is-fullwidth-code-point-3.0.0.tgz 0ms (cache hit)
553 http cache emoji-regex@https://registry.npmjs.org/emoji-regex/-/emoji-regex-8.0.0.tgz 0ms (cache hit)
554 http cache is-fullwidth-code-point@https://registry.npmjs.org/is-fullwidth-code-point/-/is-fullwidth-code-point-3.0.0.tgz 0ms (cache hit)
555 http cache esbuild@https://registry.npmjs.org/esbuild/-/esbuild-0.21.5.tgz 0ms (cache hit)
556 http cache @esbuild/darwin-arm64@https://registry.npmjs.org/@esbuild/darwin-arm64/-/darwin-arm64-0.21.5.tgz 0ms (cache hit)
557 http cache minizlib@https://registry.npmjs.org/minizlib/-/minizlib-3.0.1.tgz 0ms (cache hit)
558 http cache ansi-styles@https://registry.npmjs.org/ansi-styles/-/ansi-styles-4.3.0.tgz 0ms (cache hit)
559 http cache minipass-fetch@https://registry.npmjs.org/minipass-fetch/-/minipass-fetch-4.0.0.tgz 0ms (cache hit)
560 http cache make-fetch-happen@https://registry.npmjs.org/make-fetch-happen/-/make-fetch-happen-14.0.3.tgz 0ms (cache hit)
561 http cache lru-cache@https://registry.npmjs.org/lru-cache/-/lru-cache-10.4.3.tgz 0ms (cache hit)
562 http cache @npmcli/agent@https://registry.npmjs.org/@npmcli/agent/-/agent-3.0.0.tgz 0ms (cache hit)
563 http cache yallist@https://registry.npmjs.org/yallist/-/yallist-4.0.0.tgz 0ms (cache hit)
564 http cache fs-minipass@https://registry.npmjs.org/fs-minipass/-/fs-minipass-2.1.0.tgz 0ms (cache hit)
565 http cache minipass@https://registry.npmjs.org/minipass/-/minipass-3.3.6.tgz 0ms (cache hit)
566 http cache emoji-regex@https://registry.npmjs.org/emoji-regex/-/emoji-regex-8.0.0.tgz 0ms (cache hit)
567 http cache minipass@https://registry.npmjs.org/minipass/-/minipass-5.0.0.tgz 0ms (cache hit)
568 http cache negotiator@https://registry.npmjs.org/negotiator/-/negotiator-1.0.0.tgz 0ms (cache hit)
569 http cache is-fullwidth-code-point@https://registry.npmjs.org/is-fullwidth-code-point/-/is-fullwidth-code-point-3.0.0.tgz 0ms (cache hit)
570 http cache strip-ansi@https://registry.npmjs.org/strip-ansi/-/strip-ansi-7.1.0.tgz 0ms (cache hit)
571 http cache ansi-regex@https://registry.npmjs.org/ansi-regex/-/ansi-regex-6.1.0.tgz 0ms (cache hit)
572 http cache lru-cache@https://registry.npmjs.org/lru-cache/-/lru-cache-10.4.3.tgz 0ms (cache hit)
573 http cache onetime@https://registry.npmjs.org/onetime/-/onetime-5.1.2.tgz 0ms (cache hit)
574 http cache restore-cursor@https://registry.npmjs.org/restore-cursor/-/restore-cursor-3.1.0.tgz 0ms (cache hit)
575 http cache cli-cursor@https://registry.npmjs.org/cli-cursor/-/cli-cursor-3.1.0.tgz 0ms (cache hit)
576 http cache negotiator@https://registry.npmjs.org/negotiator/-/negotiator-1.0.0.tgz 0ms (cache hit)
577 http cache minipass-fetch@https://registry.npmjs.org/minipass-fetch/-/minipass-fetch-4.0.0.tgz 0ms (cache hit)
578 http cache minizlib@https://registry.npmjs.org/minizlib/-/minizlib-3.0.1.tgz 0ms (cache hit)
579 http cache signal-exit@https://registry.npmjs.org/signal-exit/-/signal-exit-3.0.7.tgz 0ms (cache hit)
580 http cache lru-cache@https://registry.npmjs.org/lru-cache/-/lru-cache-10.4.3.tgz 0ms (cache hit)
581 http cache which@https://registry.npmjs.org/which/-/which-4.0.0.tgz 0ms (cache hit)
582 http cache yallist@https://registry.npmjs.org/yallist/-/yallist-4.0.0.tgz 0ms (cache hit)
583 http cache @npmcli/agent@https://registry.npmjs.org/@npmcli/agent/-/agent-3.0.0.tgz 0ms (cache hit)
584 http cache make-fetch-happen@https://registry.npmjs.org/make-fetch-happen/-/make-fetch-happen-14.0.3.tgz 0ms (cache hit)
585 http cache minipass@https://registry.npmjs.org/minipass/-/minipass-3.3.6.tgz 0ms (cache hit)
586 http cache yallist@https://registry.npmjs.org/yallist/-/yallist-4.0.0.tgz 0ms (cache hit)
587 http cache proc-log@https://registry.npmjs.org/proc-log/-/proc-log-4.2.0.tgz 0ms (cache hit)
588 http cache yallist@https://registry.npmjs.org/yallist/-/yallist-4.0.0.tgz 0ms (cache hit)
589 http cache minipass@https://registry.npmjs.org/minipass/-/minipass-3.3.6.tgz 0ms (cache hit)
590 http cache yallist@https://registry.npmjs.org/yallist/-/yallist-4.0.0.tgz 0ms (cache hit)
591 http cache minipass@https://registry.npmjs.org/minipass/-/minipass-3.3.6.tgz 0ms (cache hit)
592 http cache picomatch@https://registry.npmjs.org/picomatch/-/picomatch-2.3.1.tgz 0ms (cache hit)
593 http cache ssri@https://registry.npmjs.org/ssri/-/ssri-10.0.6.tgz 0ms (cache hit)
594 http cache minipass@https://registry.npmjs.org/minipass/-/minipass-3.3.6.tgz 0ms (cache hit)
595 http cache unique-slug@https://registry.npmjs.org/unique-slug/-/unique-slug-4.0.0.tgz 0ms (cache hit)
596 http cache unique-filename@https://registry.npmjs.org/unique-filename/-/unique-filename-3.0.0.tgz 0ms (cache hit)
597 http cache p-map@https://registry.npmjs.org/p-map/-/p-map-4.0.0.tgz 0ms (cache hit)
598 http cache wrap-ansi@https://registry.npmjs.org/wrap-ansi/-/wrap-ansi-9.0.0.tgz 0ms (cache hit)
599 http cache @npmcli/fs@https://registry.npmjs.org/@npmcli/fs/-/fs-3.1.1.tgz 0ms (cache hit)
600 http cache is-fullwidth-code-point@https://registry.npmjs.org/is-fullwidth-code-point/-/is-fullwidth-code-point-5.0.0.tgz 0ms (cache hit)
601 http cache proc-log@https://registry.npmjs.org/proc-log/-/proc-log-4.2.0.tgz 0ms (cache hit)
602 http cache lru-cache@https://registry.npmjs.org/lru-cache/-/lru-cache-10.4.3.tgz 0ms (cache hit)
603 http cache ansi-regex@https://registry.npmjs.org/ansi-regex/-/ansi-regex-6.1.0.tgz 0ms (cache hit)
604 http cache ansi-escapes@https://registry.npmjs.org/ansi-escapes/-/ansi-escapes-7.0.0.tgz 0ms (cache hit)
605 http cache wrap-ansi@https://registry.npmjs.org/wrap-ansi/-/wrap-ansi-9.0.0.tgz 0ms (cache hit)
606 http cache slice-ansi@https://registry.npmjs.org/slice-ansi/-/slice-ansi-7.1.0.tgz 0ms (cache hit)
607 http cache strip-ansi@https://registry.npmjs.org/strip-ansi/-/strip-ansi-7.1.0.tgz 0ms (cache hit)
608 http cache eventemitter3@https://registry.npmjs.org/eventemitter3/-/eventemitter3-5.0.1.tgz 0ms (cache hit)
609 http cache ansi-regex@https://registry.npmjs.org/ansi-regex/-/ansi-regex-6.1.0.tgz 0ms (cache hit)
610 http cache lru-cache@https://registry.npmjs.org/lru-cache/-/lru-cache-10.4.3.tgz 0ms (cache hit)
611 http cache which@https://registry.npmjs.org/which/-/which-2.0.2.tgz 0ms (cache hit)
612 http cache cacache@https://registry.npmjs.org/cacache/-/cacache-18.0.4.tgz 0ms (cache hit)
613 http cache isexe@https://registry.npmjs.org/isexe/-/isexe-2.0.0.tgz 0ms (cache hit)
614 http cache strip-ansi@https://registry.npmjs.org/strip-ansi/-/strip-ansi-7.1.0.tgz 0ms (cache hit)
615 http cache wrap-ansi@https://registry.npmjs.org/wrap-ansi/-/wrap-ansi-7.0.0.tgz 0ms (cache hit)
616 http cache string-width@https://registry.npmjs.org/string-width/-/string-width-4.2.3.tgz 0ms (cache hit)
617 http cache emoji-regex@https://registry.npmjs.org/emoji-regex/-/emoji-regex-8.0.0.tgz 0ms (cache hit)
618 http cache is-fullwidth-code-point@https://registry.npmjs.org/is-fullwidth-code-point/-/is-fullwidth-code-point-3.0.0.tgz 0ms (cache hit)
619 http cache ansi-styles@https://registry.npmjs.org/ansi-styles/-/ansi-styles-4.3.0.tgz 0ms (cache hit)
620 http cache ansi-styles@https://registry.npmjs.org/ansi-styles/-/ansi-styles-4.3.0.tgz 0ms (cache hit)
621 http cache minizlib@https://registry.npmjs.org/minizlib/-/minizlib-3.0.1.tgz 0ms (cache hit)
622 http cache iconv-lite@https://registry.npmjs.org/iconv-lite/-/iconv-lite-0.6.3.tgz 0ms (cache hit)
623 http cache mkdirp@https://registry.npmjs.org/mkdirp/-/mkdirp-3.0.1.tgz 0ms (cache hit)
624 http cache tar@https://registry.npmjs.org/tar/-/tar-7.4.3.tgz 0ms (cache hit)
625 http cache yallist@https://registry.npmjs.org/yallist/-/yallist-5.0.0.tgz 0ms (cache hit)
626 http cache chownr@https://registry.npmjs.org/chownr/-/chownr-3.0.0.tgz 0ms (cache hit)
627 http cache minizlib@https://registry.npmjs.org/minizlib/-/minizlib-3.0.1.tgz 0ms (cache hit)
628 http cache make-fetch-happen@https://registry.npmjs.org/make-fetch-happen/-/make-fetch-happen-14.0.3.tgz 0ms (cache hit)
629 http cache lru-cache@https://registry.npmjs.org/lru-cache/-/lru-cache-10.4.3.tgz 0ms (cache hit)
630 http cache lru-cache@https://registry.npmjs.org/lru-cache/-/lru-cache-10.4.3.tgz 0ms (cache hit)
631 http cache negotiator@https://registry.npmjs.org/negotiator/-/negotiator-1.0.0.tgz 0ms (cache hit)
632 http cache minipass-fetch@https://registry.npmjs.org/minipass-fetch/-/minipass-fetch-4.0.0.tgz 0ms (cache hit)
633 http cache node-addon-api@https://registry.npmjs.org/node-addon-api/-/node-addon-api-7.1.1.tgz 0ms (cache hit)
634 http cache detect-libc@https://registry.npmjs.org/detect-libc/-/detect-libc-1.0.3.tgz 0ms (cache hit)
635 http cache @npmcli/agent@https://registry.npmjs.org/@npmcli/agent/-/agent-3.0.0.tgz 0ms (cache hit)
636 http cache mute-stream@https://registry.npmjs.org/mute-stream/-/mute-stream-1.0.0.tgz 0ms (cache hit)
637 http cache wrap-ansi@https://registry.npmjs.org/wrap-ansi/-/wrap-ansi-8.1.0.tgz 0ms (cache hit)
638 http cache @inquirer/type@https://registry.npmjs.org/@inquirer/type/-/type-1.5.5.tgz 0ms (cache hit)
639 http cache strip-ansi@https://registry.npmjs.org/strip-ansi/-/strip-ansi-7.1.0.tgz 0ms (cache hit)
640 http cache ansi-regex@https://registry.npmjs.org/ansi-regex/-/ansi-regex-6.1.0.tgz 0ms (cache hit)
641 http cache string-width@https://registry.npmjs.org/string-width/-/string-width-5.1.2.tgz 0ms (cache hit)
642 http cache emoji-regex@https://registry.npmjs.org/emoji-regex/-/emoji-regex-9.2.2.tgz 0ms (cache hit)
643 http cache lru-cache@https://registry.npmjs.org/lru-cache/-/lru-cache-10.4.3.tgz 0ms (cache hit)
644 http cache lru-cache@https://registry.npmjs.org/lru-cache/-/lru-cache-10.4.3.tgz 0ms (cache hit)
645 http cache semver@https://registry.npmjs.org/semver/-/semver-6.3.1.tgz 0ms (cache hit)
646 http cache convert-source-map@https://registry.npmjs.org/convert-source-map/-/convert-source-map-2.0.0.tgz 0ms (cache hit)
647 http cache semver@https://registry.npmjs.org/semver/-/semver-6.3.1.tgz 0ms (cache hit)
648 silly tarball no local data for zone.js@https://registry.npmjs.org/zone.js/-/zone.js-0.15.0.tgz. Extracting by manifest.
649 silly tarball no local data for yargs@https://registry.npmjs.org/yargs/-/yargs-17.7.2.tgz. Extracting by manifest.
650 silly tarball no local data for yargs-parser@https://registry.npmjs.org/yargs-parser/-/yargs-parser-21.1.1.tgz. Extracting by manifest.
651 silly tarball no local data for yallist@https://registry.npmjs.org/yallist/-/yallist-3.1.1.tgz. Extracting by manifest.
652 silly tarball no local data for yoctocolors-cjs@https://registry.npmjs.org/yoctocolors-cjs/-/yoctocolors-cjs-2.1.2.tgz. Extracting by manifest.
653 silly tarball no local data for wrap-ansi-cjs@https://registry.npmjs.org/wrap-ansi/-/wrap-ansi-7.0.0.tgz. Extracting by manifest.
654 silly tarball no local data for y18n@https://registry.npmjs.org/y18n/-/y18n-5.0.8.tgz. Extracting by manifest.
655 silly tarball no local data for which@https://registry.npmjs.org/which/-/which-5.0.0.tgz. Extracting by manifest.
656 silly tarball no local data for weak-lru-cache@https://registry.npmjs.org/weak-lru-cache/-/weak-lru-cache-1.2.2.tgz. Extracting by manifest.
657 silly tarball no local data for watchpack@https://registry.npmjs.org/watchpack/-/watchpack-2.4.2.tgz. Extracting by manifest.
658 silly tarball no local data for wcwidth@https://registry.npmjs.org/wcwidth/-/wcwidth-1.0.1.tgz. Extracting by manifest.
659 silly tarball no local data for vite@https://registry.npmjs.org/vite/-/vite-5.4.11.tgz. Extracting by manifest.
660 silly tarball no local data for validate-npm-package-name@https://registry.npmjs.org/validate-npm-package-name/-/validate-npm-package-name-6.0.0.tgz. Extracting by manifest.
661 silly tarball no local data for validate-npm-package-license@https://registry.npmjs.org/validate-npm-package-license/-/validate-npm-package-license-3.0.4.tgz. Extracting by manifest.
662 silly tarball no local data for util-deprecate@https://registry.npmjs.org/util-deprecate/-/util-deprecate-1.0.2.tgz. Extracting by manifest.
663 silly tarball no local data for update-browserslist-db@https://registry.npmjs.org/update-browserslist-db/-/update-browserslist-db-1.1.1.tgz. Extracting by manifest.
664 silly tarball no local data for unique-slug@https://registry.npmjs.org/unique-slug/-/unique-slug-5.0.0.tgz. Extracting by manifest.
665 silly tarball no local data for unique-filename@https://registry.npmjs.org/unique-filename/-/unique-filename-4.0.0.tgz. Extracting by manifest.
666 silly tarball no local data for typescript@https://registry.npmjs.org/typescript/-/typescript-5.6.3.tgz. Extracting by manifest.
667 silly tarball no local data for to-regex-range@https://registry.npmjs.org/to-regex-range/-/to-regex-range-5.0.1.tgz. Extracting by manifest.
668 silly tarball no local data for type-fest@https://registry.npmjs.org/type-fest/-/type-fest-0.21.3.tgz. Extracting by manifest.
669 silly tarball no local data for tslib@https://registry.npmjs.org/tslib/-/tslib-2.8.1.tgz. Extracting by manifest.
670 silly tarball no local data for tar@https://registry.npmjs.org/tar/-/tar-6.2.1.tgz. Extracting by manifest.
671 silly tarball no local data for tmp@https://registry.npmjs.org/tmp/-/tmp-0.0.33.tgz. Extracting by manifest.
672 silly tarball no local data for symbol-observable@https://registry.npmjs.org/symbol-observable/-/symbol-observable-4.0.0.tgz. Extracting by manifest.
673 silly tarball no local data for supports-preserve-symlinks-flag@https://registry.npmjs.org/supports-preserve-symlinks-flag/-/supports-preserve-symlinks-flag-1.0.0.tgz. Extracting by manifest.
674 silly tarball no local data for supports-color@https://registry.npmjs.org/supports-color/-/supports-color-7.2.0.tgz. Extracting by manifest.
675 silly tarball no local data for tuf-js@https://registry.npmjs.org/tuf-js/-/tuf-js-3.0.1.tgz. Extracting by manifest.
676 silly tarball no local data for strip-ansi-cjs@https://registry.npmjs.org/strip-ansi/-/strip-ansi-6.0.1.tgz. Extracting by manifest.
677 silly tarball no local data for string-width-cjs@https://registry.npmjs.org/string-width/-/string-width-4.2.3.tgz. Extracting by manifest.
678 silly tarball no local data for wrap-ansi@https://registry.npmjs.org/wrap-ansi/-/wrap-ansi-6.2.0.tgz. Extracting by manifest.
679 silly tarball no local data for string-width@https://registry.npmjs.org/string-width/-/string-width-7.2.0.tgz. Extracting by manifest.
680 silly tarball no local data for string_decoder@https://registry.npmjs.org/string_decoder/-/string_decoder-1.3.0.tgz. Extracting by manifest.
681 silly tarball no local data for sprintf-js@https://registry.npmjs.org/sprintf-js/-/sprintf-js-1.1.3.tgz. Extracting by manifest.
682 silly tarball no local data for spdx-license-ids@https://registry.npmjs.org/spdx-license-ids/-/spdx-license-ids-3.0.20.tgz. Extracting by manifest.
683 silly tarball no local data for spdx-expression-parse@https://registry.npmjs.org/spdx-expression-parse/-/spdx-expression-parse-3.0.1.tgz. Extracting by manifest.
684 silly tarball no local data for spdx-exceptions@https://registry.npmjs.org/spdx-exceptions/-/spdx-exceptions-2.5.0.tgz. Extracting by manifest.
685 silly tarball no local data for source-map-js@https://registry.npmjs.org/source-map-js/-/source-map-js-1.2.1.tgz. Extracting by manifest.
686 silly tarball no local data for strip-ansi@https://registry.npmjs.org/strip-ansi/-/strip-ansi-6.0.1.tgz. Extracting by manifest.
687 silly tarball no local data for source-map@https://registry.npmjs.org/source-map/-/source-map-0.7.4.tgz. Extracting by manifest.
688 silly tarball no local data for socks@https://registry.npmjs.org/socks/-/socks-2.8.3.tgz. Extracting by manifest.
689 silly tarball no local data for spdx-correct@https://registry.npmjs.org/spdx-correct/-/spdx-correct-3.2.0.tgz. Extracting by manifest.
690 silly tarball no local data for socks-proxy-agent@https://registry.npmjs.org/socks-proxy-agent/-/socks-proxy-agent-8.0.4.tgz. Extracting by manifest.
691 silly tarball no local data for sigstore@https://registry.npmjs.org/sigstore/-/sigstore-3.0.0.tgz. Extracting by manifest.
692 silly tarball no local data for signal-exit@https://registry.npmjs.org/signal-exit/-/signal-exit-4.1.0.tgz. Extracting by manifest.
693 silly tarball no local data for shebang-command@https://registry.npmjs.org/shebang-command/-/shebang-command-2.0.0.tgz. Extracting by manifest.
694 silly tarball no local data for slice-ansi@https://registry.npmjs.org/slice-ansi/-/slice-ansi-5.0.0.tgz. Extracting by manifest.
695 silly tarball no local data for semver@https://registry.npmjs.org/semver/-/semver-7.6.3.tgz. Extracting by manifest.
696 silly tarball no local data for sass@https://registry.npmjs.org/sass/-/sass-1.80.7.tgz. Extracting by manifest.
697 silly tarball no local data for shebang-regex@https://registry.npmjs.org/shebang-regex/-/shebang-regex-3.0.0.tgz. Extracting by manifest.
698 silly tarball no local data for smart-buffer@https://registry.npmjs.org/smart-buffer/-/smart-buffer-4.2.0.tgz. Extracting by manifest.
699 silly tarball no local data for safer-buffer@https://registry.npmjs.org/safer-buffer/-/safer-buffer-2.1.2.tgz. Extracting by manifest.
700 silly tarball no local data for safe-buffer@https://registry.npmjs.org/safe-buffer/-/safe-buffer-5.2.1.tgz. Extracting by manifest.
701 silly tarball no local data for run-parallel@https://registry.npmjs.org/run-parallel/-/run-parallel-1.2.0.tgz. Extracting by manifest.
702 silly tarball no local data for rxjs@https://registry.npmjs.org/rxjs/-/rxjs-7.8.1.tgz. Extracting by manifest.
703 silly tarball no local data for rollup@https://registry.npmjs.org/rollup/-/rollup-4.26.0.tgz. Extracting by manifest.
704 silly tarball no local data for rfdc@https://registry.npmjs.org/rfdc/-/rfdc-1.4.1.tgz. Extracting by manifest.
705 silly tarball no local data for rimraf@https://registry.npmjs.org/rimraf/-/rimraf-5.0.10.tgz. Extracting by manifest.
706 silly tarball no local data for retry@https://registry.npmjs.org/retry/-/retry-0.12.0.tgz. Extracting by manifest.
707 silly tarball no local data for resolve@https://registry.npmjs.org/resolve/-/resolve-1.22.8.tgz. Extracting by manifest.
708 silly tarball no local data for restore-cursor@https://registry.npmjs.org/restore-cursor/-/restore-cursor-5.1.0.tgz. Extracting by manifest.
709 silly tarball no local data for require-from-string@https://registry.npmjs.org/require-from-string/-/require-from-string-2.0.2.tgz. Extracting by manifest.
710 silly tarball no local data for require-directory@https://registry.npmjs.org/require-directory/-/require-directory-2.1.1.tgz. Extracting by manifest.
711 silly tarball no local data for readdirp@https://registry.npmjs.org/readdirp/-/readdirp-4.0.2.tgz. Extracting by manifest.
712 silly tarball no local data for reflect-metadata@https://registry.npmjs.org/reflect-metadata/-/reflect-metadata-0.2.2.tgz. Extracting by manifest.
713 silly tarball no local data for reusify@https://registry.npmjs.org/reusify/-/reusify-1.0.4.tgz. Extracting by manifest.
714 silly tarball no local data for queue-microtask@https://registry.npmjs.org/queue-microtask/-/queue-microtask-1.2.3.tgz. Extracting by manifest.
715 silly tarball no local data for readable-stream@https://registry.npmjs.org/readable-stream/-/readable-stream-3.6.2.tgz. Extracting by manifest.
716 silly tarball no local data for proc-log@https://registry.npmjs.org/proc-log/-/proc-log-5.0.0.tgz. Extracting by manifest.
717 silly tarball no local data for promise-retry@https://registry.npmjs.org/promise-retry/-/promise-retry-2.0.1.tgz. Extracting by manifest.
718 silly tarball no local data for postcss@https://registry.npmjs.org/postcss/-/postcss-8.4.49.tgz. Extracting by manifest.
719 silly tarball no local data for promise-inflight@https://registry.npmjs.org/promise-inflight/-/promise-inflight-1.0.1.tgz. Extracting by manifest.
720 silly tarball no local data for postcss-media-query-parser@https://registry.npmjs.org/postcss-media-query-parser/-/postcss-media-query-parser-0.2.3.tgz. Extracting by manifest.
721 silly tarball no local data for picomatch@https://registry.npmjs.org/picomatch/-/picomatch-4.0.2.tgz. Extracting by manifest.
722 silly tarball no local data for piscina@https://registry.npmjs.org/piscina/-/piscina-4.7.0.tgz. Extracting by manifest.
723 silly tarball no local data for path-scurry@https://registry.npmjs.org/path-scurry/-/path-scurry-1.11.1.tgz. Extracting by manifest.
724 silly tarball no local data for picocolors@https://registry.npmjs.org/picocolors/-/picocolors-1.1.1.tgz. Extracting by manifest.
725 silly tarball no local data for parse5-html-rewriting-stream@https://registry.npmjs.org/parse5-html-rewriting-stream/-/parse5-html-rewriting-stream-7.0.0.tgz. Extracting by manifest.
726 silly tarball no local data for parse5-sax-parser@https://registry.npmjs.org/parse5-sax-parser/-/parse5-sax-parser-7.0.0.tgz. Extracting by manifest.
727 silly tarball no local data for path-parse@https://registry.npmjs.org/path-parse/-/path-parse-1.0.7.tgz. Extracting by manifest.
728 silly tarball no local data for path-key@https://registry.npmjs.org/path-key/-/path-key-3.1.1.tgz. Extracting by manifest.
729 silly tarball no local data for parse5@https://registry.npmjs.org/parse5/-/parse5-7.2.1.tgz. Extracting by manifest.
730 silly tarball no local data for pacote@https://registry.npmjs.org/pacote/-/pacote-20.0.0.tgz. Extracting by manifest.
731 silly tarball no local data for p-map@https://registry.npmjs.org/p-map/-/p-map-7.0.2.tgz. Extracting by manifest.
732 silly tarball no local data for package-json-from-dist@https://registry.npmjs.org/package-json-from-dist/-/package-json-from-dist-1.0.1.tgz. Extracting by manifest.
733 silly tarball no local data for onetime@https://registry.npmjs.org/onetime/-/onetime-7.0.0.tgz. Extracting by manifest.
734 silly tarball no local data for ora@https://registry.npmjs.org/ora/-/ora-5.4.1.tgz. Extracting by manifest.
735 silly tarball no local data for os-tmpdir@https://registry.npmjs.org/os-tmpdir/-/os-tmpdir-1.0.2.tgz. Extracting by manifest.
736 silly tarball no local data for nth-check@https://registry.npmjs.org/nth-check/-/nth-check-2.1.1.tgz. Extracting by manifest.
737 silly tarball no local data for npm-pick-manifest@https://registry.npmjs.org/npm-pick-manifest/-/npm-pick-manifest-10.0.0.tgz. Extracting by manifest.
738 silly tarball no local data for ordered-binary@https://registry.npmjs.org/ordered-binary/-/ordered-binary-1.5.3.tgz. Extracting by manifest.
739 silly tarball no local data for npm-packlist@https://registry.npmjs.org/npm-packlist/-/npm-packlist-9.0.0.tgz. Extracting by manifest.
740 silly tarball no local data for npm-registry-fetch@https://registry.npmjs.org/npm-registry-fetch/-/npm-registry-fetch-18.0.2.tgz. Extracting by manifest.
741 silly tarball no local data for npm-normalize-package-bin@https://registry.npmjs.org/npm-normalize-package-bin/-/npm-normalize-package-bin-4.0.0.tgz. Extracting by manifest.
742 silly tarball no local data for npm-package-arg@https://registry.npmjs.org/npm-package-arg/-/npm-package-arg-12.0.0.tgz. Extracting by manifest.
743 silly tarball no local data for npm-bundled@https://registry.npmjs.org/npm-bundled/-/npm-bundled-4.0.0.tgz. Extracting by manifest.
744 silly tarball no local data for npm-install-checks@https://registry.npmjs.org/npm-install-checks/-/npm-install-checks-7.1.0.tgz. Extracting by manifest.
745 silly tarball no local data for normalize-package-data@https://registry.npmjs.org/normalize-package-data/-/normalize-package-data-7.0.0.tgz. Extracting by manifest.
746 silly tarball no local data for ssri@https://registry.npmjs.org/ssri/-/ssri-12.0.0.tgz. Extracting by manifest.
747 silly tarball no local data for node-releases@https://registry.npmjs.org/node-releases/-/node-releases-2.0.18.tgz. Extracting by manifest.
748 silly tarball no local data for node-gyp-build-optional-packages@https://registry.npmjs.org/node-gyp-build-optional-packages/-/node-gyp-build-optional-packages-5.2.2.tgz. Extracting by manifest.
749 silly tarball no local data for nopt@https://registry.npmjs.org/nopt/-/nopt-7.2.1.tgz. Extracting by manifest.
750 silly tarball no local data for negotiator@https://registry.npmjs.org/negotiator/-/negotiator-0.6.4.tgz. Extracting by manifest.
751 silly tarball no local data for node-gyp@https://registry.npmjs.org/node-gyp/-/node-gyp-10.2.0.tgz. Extracting by manifest.
752 silly tarball no local data for mute-stream@https://registry.npmjs.org/mute-stream/-/mute-stream-2.0.0.tgz. Extracting by manifest.
753 silly tarball no local data for nanoid@https://registry.npmjs.org/nanoid/-/nanoid-3.3.7.tgz. Extracting by manifest.
754 silly tarball no local data for node-addon-api@https://registry.npmjs.org/node-addon-api/-/node-addon-api-6.1.0.tgz. Extracting by manifest.
755 silly tarball no local data for msgpackr-extract@https://registry.npmjs.org/msgpackr-extract/-/msgpackr-extract-3.0.3.tgz. Extracting by manifest.
756 silly tarball no local data for mrmime@https://registry.npmjs.org/mrmime/-/mrmime-2.0.0.tgz. Extracting by manifest.
757 silly tarball no local data for mkdirp@https://registry.npmjs.org/mkdirp/-/mkdirp-1.0.4.tgz. Extracting by manifest.
758 silly tarball no local data for minipass-sized@https://registry.npmjs.org/minipass-sized/-/minipass-sized-1.0.3.tgz. Extracting by manifest.
759 silly tarball no local data for minizlib@https://registry.npmjs.org/minizlib/-/minizlib-2.1.2.tgz. Extracting by manifest.
760 silly tarball no local data for ms@https://registry.npmjs.org/ms/-/ms-2.1.3.tgz. Extracting by manifest.
761 silly tarball no local data for minipass-pipeline@https://registry.npmjs.org/minipass-pipeline/-/minipass-pipeline-1.2.4.tgz. Extracting by manifest.
762 silly tarball no local data for minipass-fetch@https://registry.npmjs.org/minipass-fetch/-/minipass-fetch-3.0.5.tgz. Extracting by manifest.
763 silly tarball no local data for minipass-flush@https://registry.npmjs.org/minipass-flush/-/minipass-flush-1.0.5.tgz. Extracting by manifest.
764 silly tarball no local data for minipass@https://registry.npmjs.org/minipass/-/minipass-7.1.2.tgz. Extracting by manifest.
765 silly tarball no local data for minimatch@https://registry.npmjs.org/minimatch/-/minimatch-9.0.5.tgz. Extracting by manifest.
766 silly tarball no local data for minipass-collect@https://registry.npmjs.org/minipass-collect/-/minipass-collect-2.0.1.tgz. Extracting by manifest.
767 silly tarball no local data for msgpackr@https://registry.npmjs.org/msgpackr/-/msgpackr-1.11.2.tgz. Extracting by manifest.
768 silly tarball no local data for mimic-fn@https://registry.npmjs.org/mimic-fn/-/mimic-fn-2.1.0.tgz. Extracting by manifest.
769 silly tarball no local data for micromatch@https://registry.npmjs.org/micromatch/-/micromatch-4.0.8.tgz. Extracting by manifest.
770 silly tarball no local data for merge2@https://registry.npmjs.org/merge2/-/merge2-1.4.1.tgz. Extracting by manifest.
771 silly tarball no local data for lru-cache@https://registry.npmjs.org/lru-cache/-/lru-cache-5.1.1.tgz. Extracting by manifest.
772 silly tarball no local data for magic-string@https://registry.npmjs.org/magic-string/-/magic-string-0.30.12.tgz. Extracting by manifest.
773 silly tarball no local data for make-fetch-happen@https://registry.npmjs.org/make-fetch-happen/-/make-fetch-happen-13.0.1.tgz. Extracting by manifest.
774 silly tarball no local data for mimic-function@https://registry.npmjs.org/mimic-function/-/mimic-function-5.0.1.tgz. Extracting by manifest.
775 silly tarball no local data for lmdb@https://registry.npmjs.org/lmdb/-/lmdb-3.1.5.tgz. Extracting by manifest.
776 silly tarball no local data for listr2@https://registry.npmjs.org/listr2/-/listr2-8.2.5.tgz. Extracting by manifest.
777 silly tarball no local data for log-symbols@https://registry.npmjs.org/log-symbols/-/log-symbols-4.1.0.tgz. Extracting by manifest.
778 silly tarball no local data for json5@https://registry.npmjs.org/json5/-/json5-2.2.3.tgz. Extracting by manifest.
779 silly tarball no local data for log-update@https://registry.npmjs.org/log-update/-/log-update-6.1.0.tgz. Extracting by manifest.
780 silly tarball no local data for jsonparse@https://registry.npmjs.org/jsonparse/-/jsonparse-1.3.1.tgz. Extracting by manifest.
781 silly tarball no local data for jsonc-parser@https://registry.npmjs.org/jsonc-parser/-/jsonc-parser-3.3.1.tgz. Extracting by manifest.
782 silly tarball no local data for json-schema-traverse@https://registry.npmjs.org/json-schema-traverse/-/json-schema-traverse-1.0.0.tgz. Extracting by manifest.
783 silly tarball no local data for json-parse-even-better-errors@https://registry.npmjs.org/json-parse-even-better-errors/-/json-parse-even-better-errors-4.0.0.tgz. Extracting by manifest.
784 silly tarball no local data for jsesc@https://registry.npmjs.org/jsesc/-/jsesc-3.0.2.tgz. Extracting by manifest.
785 silly tarball no local data for jackspeak@https://registry.npmjs.org/jackspeak/-/jackspeak-3.4.3.tgz. Extracting by manifest.
786 silly tarball no local data for js-tokens@https://registry.npmjs.org/js-tokens/-/js-tokens-4.0.0.tgz. Extracting by manifest.
787 silly tarball no local data for jsbn@https://registry.npmjs.org/jsbn/-/jsbn-1.1.0.tgz. Extracting by manifest.
788 silly tarball no local data for istanbul-lib-instrument@https://registry.npmjs.org/istanbul-lib-instrument/-/istanbul-lib-instrument-6.0.3.tgz. Extracting by manifest.
789 silly tarball no local data for isexe@https://registry.npmjs.org/isexe/-/isexe-3.1.1.tgz. Extracting by manifest.
790 silly tarball no local data for is-unicode-supported@https://registry.npmjs.org/is-unicode-supported/-/is-unicode-supported-0.1.0.tgz. Extracting by manifest.
791 silly tarball no local data for is-number@https://registry.npmjs.org/is-number/-/is-number-7.0.0.tgz. Extracting by manifest.
792 silly tarball no local data for is-lambda@https://registry.npmjs.org/is-lambda/-/is-lambda-1.0.1.tgz. Extracting by manifest.
793 silly tarball no local data for is-glob@https://registry.npmjs.org/is-glob/-/is-glob-4.0.3.tgz. Extracting by manifest.
794 silly tarball no local data for istanbul-lib-coverage@https://registry.npmjs.org/istanbul-lib-coverage/-/istanbul-lib-coverage-3.2.2.tgz. Extracting by manifest.
795 silly tarball no local data for is-extglob@https://registry.npmjs.org/is-extglob/-/is-extglob-2.1.1.tgz. Extracting by manifest.
796 silly tarball no local data for is-core-module@https://registry.npmjs.org/is-core-module/-/is-core-module-2.15.1.tgz. Extracting by manifest.
797 silly tarball no local data for is-fullwidth-code-point@https://registry.npmjs.org/is-fullwidth-code-point/-/is-fullwidth-code-point-4.0.0.tgz. Extracting by manifest.
798 silly tarball no local data for inherits@https://registry.npmjs.org/inherits/-/inherits-2.0.4.tgz. Extracting by manifest.
799 silly tarball no local data for ip-address@https://registry.npmjs.org/ip-address/-/ip-address-9.0.5.tgz. Extracting by manifest.
800 silly tarball no local data for ini@https://registry.npmjs.org/ini/-/ini-5.0.0.tgz. Extracting by manifest.
801 silly tarball no local data for is-interactive@https://registry.npmjs.org/is-interactive/-/is-interactive-1.0.0.tgz. Extracting by manifest.
802 silly tarball no local data for ignore-walk@https://registry.npmjs.org/ignore-walk/-/ignore-walk-7.0.0.tgz. Extracting by manifest.
803 silly tarball no local data for indent-string@https://registry.npmjs.org/indent-string/-/indent-string-4.0.0.tgz. Extracting by manifest.
804 silly tarball no local data for imurmurhash@https://registry.npmjs.org/imurmurhash/-/imurmurhash-0.1.4.tgz. Extracting by manifest.
805 silly tarball no local data for immutable@https://registry.npmjs.org/immutable/-/immutable-5.0.3.tgz. Extracting by manifest.
806 silly tarball no local data for ieee754@https://registry.npmjs.org/ieee754/-/ieee754-1.2.1.tgz. Extracting by manifest.
807 silly tarball no local data for iconv-lite@https://registry.npmjs.org/iconv-lite/-/iconv-lite-0.4.24.tgz. Extracting by manifest.
808 silly tarball no local data for http-proxy-agent@https://registry.npmjs.org/http-proxy-agent/-/http-proxy-agent-7.0.2.tgz. Extracting by manifest.
809 silly tarball no local data for hosted-git-info@https://registry.npmjs.org/hosted-git-info/-/hosted-git-info-8.0.0.tgz. Extracting by manifest.
810 silly tarball no local data for https-proxy-agent@https://registry.npmjs.org/https-proxy-agent/-/https-proxy-agent-7.0.5.tgz. Extracting by manifest.
811 silly tarball no local data for http-cache-semantics@https://registry.npmjs.org/http-cache-semantics/-/http-cache-semantics-4.1.1.tgz. Extracting by manifest.
812 silly tarball no local data for hasown@https://registry.npmjs.org/hasown/-/hasown-2.0.2.tgz. Extracting by manifest.
813 silly tarball no local data for htmlparser2@https://registry.npmjs.org/htmlparser2/-/htmlparser2-9.1.0.tgz. Extracting by manifest.
814 silly tarball no local data for graceful-fs@https://registry.npmjs.org/graceful-fs/-/graceful-fs-4.2.11.tgz. Extracting by manifest.
815 silly tarball no local data for has-flag@https://registry.npmjs.org/has-flag/-/has-flag-4.0.0.tgz. Extracting by manifest.
816 silly tarball no local data for glob-to-regexp@https://registry.npmjs.org/glob-to-regexp/-/glob-to-regexp-0.4.1.tgz. Extracting by manifest.
817 silly tarball no local data for get-east-asian-width@https://registry.npmjs.org/get-east-asian-width/-/get-east-asian-width-1.3.0.tgz. Extracting by manifest.
818 silly tarball no local data for gensync@https://registry.npmjs.org/gensync/-/gensync-1.0.0-beta.2.tgz. Extracting by manifest.
819 silly tarball no local data for globals@https://registry.npmjs.org/globals/-/globals-11.12.0.tgz. Extracting by manifest.
820 silly tarball no local data for get-caller-file@https://registry.npmjs.org/get-caller-file/-/get-caller-file-2.0.5.tgz. Extracting by manifest.
821 silly tarball no local data for glob@https://registry.npmjs.org/glob/-/glob-10.4.5.tgz. Extracting by manifest.
822 silly tarball no local data for fsevents@https://registry.npmjs.org/fsevents/-/fsevents-2.3.3.tgz. Extracting by manifest.
823 silly tarball no local data for fs-minipass@https://registry.npmjs.org/fs-minipass/-/fs-minipass-3.0.3.tgz. Extracting by manifest.
824 silly tarball no local data for function-bind@https://registry.npmjs.org/function-bind/-/function-bind-1.1.2.tgz. Extracting by manifest.
825 silly tarball no local data for glob-parent@https://registry.npmjs.org/glob-parent/-/glob-parent-5.1.2.tgz. Extracting by manifest.
826 silly tarball no local data for fastq@https://registry.npmjs.org/fastq/-/fastq-1.17.1.tgz. Extracting by manifest.
827 silly tarball no local data for foreground-child@https://registry.npmjs.org/foreground-child/-/foreground-child-3.3.0.tgz. Extracting by manifest.
828 silly tarball no local data for fast-glob@https://registry.npmjs.org/fast-glob/-/fast-glob-3.3.2.tgz. Extracting by manifest.
829 silly tarball no local data for fast-deep-equal@https://registry.npmjs.org/fast-deep-equal/-/fast-deep-equal-3.1.3.tgz. Extracting by manifest.
830 silly tarball no local data for exponential-backoff@https://registry.npmjs.org/exponential-backoff/-/exponential-backoff-3.1.1.tgz. Extracting by manifest.
831 silly tarball no local data for external-editor@https://registry.npmjs.org/external-editor/-/external-editor-3.1.0.tgz. Extracting by manifest.
832 silly tarball no local data for fast-uri@https://registry.npmjs.org/fast-uri/-/fast-uri-3.0.5.tgz. Extracting by manifest.
833 silly tarball no local data for fill-range@https://registry.npmjs.org/fill-range/-/fill-range-7.1.1.tgz. Extracting by manifest.
834 silly tarball no local data for escalade@https://registry.npmjs.org/escalade/-/escalade-3.2.0.tgz. Extracting by manifest.
835 silly tarball no local data for esbuild@https://registry.npmjs.org/esbuild/-/esbuild-0.24.0.tgz. Extracting by manifest.
836 silly tarball no local data for env-paths@https://registry.npmjs.org/env-paths/-/env-paths-2.2.1.tgz. Extracting by manifest.
837 silly tarball no local data for err-code@https://registry.npmjs.org/err-code/-/err-code-2.0.3.tgz. Extracting by manifest.
838 silly tarball no local data for entities@https://registry.npmjs.org/entities/-/entities-4.5.0.tgz. Extracting by manifest.
839 silly tarball no local data for environment@https://registry.npmjs.org/environment/-/environment-1.1.0.tgz. Extracting by manifest.
840 silly tarball no local data for emoji-regex@https://registry.npmjs.org/emoji-regex/-/emoji-regex-10.4.0.tgz. Extracting by manifest.
841 silly tarball no local data for encoding@https://registry.npmjs.org/encoding/-/encoding-0.1.13.tgz. Extracting by manifest.
842 silly tarball no local data for electron-to-chromium@https://registry.npmjs.org/electron-to-chromium/-/electron-to-chromium-1.5.63.tgz. Extracting by manifest.
843 silly tarball no local data for domutils@https://registry.npmjs.org/domutils/-/domutils-3.1.0.tgz. Extracting by manifest.
844 silly tarball no local data for eastasianwidth@https://registry.npmjs.org/eastasianwidth/-/eastasianwidth-0.2.0.tgz. Extracting by manifest.
845 silly tarball no local data for domhandler@https://registry.npmjs.org/domhandler/-/domhandler-5.0.3.tgz. Extracting by manifest.
846 silly tarball no local data for domelementtype@https://registry.npmjs.org/domelementtype/-/domelementtype-2.3.0.tgz. Extracting by manifest.
847 silly tarball no local data for dom-serializer@https://registry.npmjs.org/dom-serializer/-/dom-serializer-2.0.0.tgz. Extracting by manifest.
848 silly tarball no local data for css-what@https://registry.npmjs.org/css-what/-/css-what-6.1.0.tgz. Extracting by manifest.
849 silly tarball no local data for detect-libc@https://registry.npmjs.org/detect-libc/-/detect-libc-2.0.3.tgz. Extracting by manifest.
850 silly tarball no local data for debug@https://registry.npmjs.org/debug/-/debug-4.3.7.tgz. Extracting by manifest.
851 silly tarball no local data for css-select@https://registry.npmjs.org/css-select/-/css-select-5.1.0.tgz. Extracting by manifest.
852 silly tarball no local data for defaults@https://registry.npmjs.org/defaults/-/defaults-1.0.4.tgz. Extracting by manifest.
853 silly tarball no local data for cross-spawn@https://registry.npmjs.org/cross-spawn/-/cross-spawn-7.0.6.tgz. Extracting by manifest.
854 silly tarball no local data for color-name@https://registry.npmjs.org/color-name/-/color-name-1.1.4.tgz. Extracting by manifest.
855 silly tarball no local data for colorette@https://registry.npmjs.org/colorette/-/colorette-2.0.20.tgz. Extracting by manifest.
856 silly tarball no local data for convert-source-map@https://registry.npmjs.org/convert-source-map/-/convert-source-map-1.9.0.tgz. Extracting by manifest.
857 silly tarball no local data for cli-width@https://registry.npmjs.org/cli-width/-/cli-width-4.1.0.tgz. Extracting by manifest.
858 silly tarball no local data for cliui@https://registry.npmjs.org/cliui/-/cliui-8.0.1.tgz. Extracting by manifest.
859 silly tarball no local data for color-convert@https://registry.npmjs.org/color-convert/-/color-convert-2.0.1.tgz. Extracting by manifest.
860 silly tarball no local data for cli-truncate@https://registry.npmjs.org/cli-truncate/-/cli-truncate-4.0.0.tgz. Extracting by manifest.
861 silly tarball no local data for clean-stack@https://registry.npmjs.org/clean-stack/-/clean-stack-2.2.0.tgz. Extracting by manifest.
862 silly tarball no local data for cli-cursor@https://registry.npmjs.org/cli-cursor/-/cli-cursor-5.0.0.tgz. Extracting by manifest.
863 silly tarball no local data for chownr@https://registry.npmjs.org/chownr/-/chownr-2.0.0.tgz. Extracting by manifest.
864 silly tarball no local data for cli-spinners@https://registry.npmjs.org/cli-spinners/-/cli-spinners-2.9.2.tgz. Extracting by manifest.
865 silly tarball no local data for chokidar@https://registry.npmjs.org/chokidar/-/chokidar-4.0.1.tgz. Extracting by manifest.
866 silly tarball no local data for chardet@https://registry.npmjs.org/chardet/-/chardet-0.7.0.tgz. Extracting by manifest.
867 silly tarball no local data for chalk@https://registry.npmjs.org/chalk/-/chalk-4.1.2.tgz. Extracting by manifest.
868 silly tarball no local data for caniuse-lite@https://registry.npmjs.org/caniuse-lite/-/caniuse-lite-1.0.30001680.tgz. Extracting by manifest.
869 silly tarball no local data for clone@https://registry.npmjs.org/clone/-/clone-1.0.4.tgz. Extracting by manifest.
870 silly tarball no local data for browserslist@https://registry.npmjs.org/browserslist/-/browserslist-4.24.2.tgz. Extracting by manifest.
871 silly tarball no local data for braces@https://registry.npmjs.org/braces/-/braces-3.0.3.tgz. Extracting by manifest.
872 silly tarball no local data for buffer@https://registry.npmjs.org/buffer/-/buffer-5.7.1.tgz. Extracting by manifest.
873 silly tarball no local data for cacache@https://registry.npmjs.org/cacache/-/cacache-19.0.1.tgz. Extracting by manifest.
874 silly tarball no local data for boolbase@https://registry.npmjs.org/boolbase/-/boolbase-1.0.0.tgz. Extracting by manifest.
875 silly tarball no local data for bl@https://registry.npmjs.org/bl/-/bl-4.1.0.tgz. Extracting by manifest.
876 silly tarball no local data for brace-expansion@https://registry.npmjs.org/brace-expansion/-/brace-expansion-2.0.1.tgz. Extracting by manifest.
877 silly tarball no local data for beasties@https://registry.npmjs.org/beasties/-/beasties-0.1.0.tgz. Extracting by manifest.
878 silly tarball no local data for base64-js@https://registry.npmjs.org/base64-js/-/base64-js-1.5.1.tgz. Extracting by manifest.
879 silly tarball no local data for ansi-regex@https://registry.npmjs.org/ansi-regex/-/ansi-regex-5.0.1.tgz. Extracting by manifest.
880 silly tarball no local data for balanced-match@https://registry.npmjs.org/balanced-match/-/balanced-match-1.0.2.tgz. Extracting by manifest.
881 silly tarball no local data for ansi-escapes@https://registry.npmjs.org/ansi-escapes/-/ansi-escapes-4.3.2.tgz. Extracting by manifest.
882 silly tarball no local data for ansi-styles@https://registry.npmjs.org/ansi-styles/-/ansi-styles-6.2.1.tgz. Extracting by manifest.
883 silly tarball no local data for ajv-formats@https://registry.npmjs.org/ajv-formats/-/ajv-formats-3.0.1.tgz. Extracting by manifest.
884 silly tarball no local data for ajv@https://registry.npmjs.org/ajv/-/ajv-8.17.1.tgz. Extracting by manifest.
885 silly tarball no local data for agent-base@https://registry.npmjs.org/agent-base/-/agent-base-7.1.1.tgz. Extracting by manifest.
886 silly tarball no local data for aggregate-error@https://registry.npmjs.org/aggregate-error/-/aggregate-error-3.1.0.tgz. Extracting by manifest.
887 silly tarball no local data for abbrev@https://registry.npmjs.org/abbrev/-/abbrev-2.0.0.tgz. Extracting by manifest.
888 silly tarball no local data for @vitejs/plugin-basic-ssl@https://registry.npmjs.org/@vitejs/plugin-basic-ssl/-/plugin-basic-ssl-1.1.0.tgz. Extracting by manifest.
889 silly tarball no local data for @yarnpkg/lockfile@https://registry.npmjs.org/@yarnpkg/lockfile/-/lockfile-1.1.0.tgz. Extracting by manifest.
890 silly tarball no local data for @types/estree@https://registry.npmjs.org/@types/estree/-/estree-1.0.6.tgz. Extracting by manifest.
891 silly tarball no local data for @sigstore/sign@https://registry.npmjs.org/@sigstore/sign/-/sign-3.0.0.tgz. Extracting by manifest.
892 silly tarball no local data for @tufjs/models@https://registry.npmjs.org/@tufjs/models/-/models-3.0.1.tgz. Extracting by manifest.
893 silly tarball no local data for @sigstore/core@https://registry.npmjs.org/@sigstore/core/-/core-2.0.0.tgz. Extracting by manifest.
894 silly tarball no local data for @sigstore/tuf@https://registry.npmjs.org/@sigstore/tuf/-/tuf-3.0.0.tgz. Extracting by manifest.
895 silly tarball no local data for @sigstore/protobuf-specs@https://registry.npmjs.org/@sigstore/protobuf-specs/-/protobuf-specs-0.3.2.tgz. Extracting by manifest.
896 silly tarball no local data for @tufjs/canonical-json@https://registry.npmjs.org/@tufjs/canonical-json/-/canonical-json-2.0.0.tgz. Extracting by manifest.
897 silly tarball no local data for @sigstore/verify@https://registry.npmjs.org/@sigstore/verify/-/verify-2.0.0.tgz. Extracting by manifest.
898 silly tarball no local data for @sigstore/bundle@https://registry.npmjs.org/@sigstore/bundle/-/bundle-3.0.0.tgz. Extracting by manifest.
899 silly tarball no local data for @pkgjs/parseargs@https://registry.npmjs.org/@pkgjs/parseargs/-/parseargs-0.11.0.tgz. Extracting by manifest.
900 silly tarball no local data for @schematics/angular@https://registry.npmjs.org/@schematics/angular/-/angular-19.0.7.tgz. Extracting by manifest.
901 silly tarball no local data for @npmcli/redact@https://registry.npmjs.org/@npmcli/redact/-/redact-3.0.0.tgz. Extracting by manifest.
902 silly tarball no local data for @parcel/watcher-darwin-arm64@https://registry.npmjs.org/@parcel/watcher-darwin-arm64/-/watcher-darwin-arm64-2.5.0.tgz. Extracting by manifest.
903 silly tarball no local data for @rollup/rollup-darwin-arm64@https://registry.npmjs.org/@rollup/rollup-darwin-arm64/-/rollup-darwin-arm64-4.26.0.tgz. Extracting by manifest.
904 silly tarball no local data for @npmcli/run-script@https://registry.npmjs.org/@npmcli/run-script/-/run-script-9.0.1.tgz. Extracting by manifest.
905 silly tarball no local data for @parcel/watcher@https://registry.npmjs.org/@parcel/watcher/-/watcher-2.5.0.tgz. Extracting by manifest.
906 silly tarball no local data for @npmcli/promise-spawn@https://registry.npmjs.org/@npmcli/promise-spawn/-/promise-spawn-8.0.2.tgz. Extracting by manifest.
907 silly tarball no local data for @npmcli/node-gyp@https://registry.npmjs.org/@npmcli/node-gyp/-/node-gyp-4.0.0.tgz. Extracting by manifest.
908 silly tarball no local data for @npmcli/package-json@https://registry.npmjs.org/@npmcli/package-json/-/package-json-6.0.1.tgz. Extracting by manifest.
909 silly tarball no local data for @npmcli/git@https://registry.npmjs.org/@npmcli/git/-/git-6.0.1.tgz. Extracting by manifest.
910 silly tarball no local data for @npmcli/fs@https://registry.npmjs.org/@npmcli/fs/-/fs-4.0.0.tgz. Extracting by manifest.
911 silly tarball no local data for @nodelib/fs.stat@https://registry.npmjs.org/@nodelib/fs.stat/-/fs.stat-2.0.5.tgz. Extracting by manifest.
912 silly tarball no local data for @npmcli/agent@https://registry.npmjs.org/@npmcli/agent/-/agent-2.2.2.tgz. Extracting by manifest.
913 silly tarball no local data for @npmcli/installed-package-contents@https://registry.npmjs.org/@npmcli/installed-package-contents/-/installed-package-contents-3.0.0.tgz. Extracting by manifest.
914 silly tarball no local data for @nodelib/fs.scandir@https://registry.npmjs.org/@nodelib/fs.scandir/-/fs.scandir-2.1.5.tgz. Extracting by manifest.
915 silly tarball no local data for @napi-rs/nice-darwin-arm64@https://registry.npmjs.org/@napi-rs/nice-darwin-arm64/-/nice-darwin-arm64-1.0.1.tgz. Extracting by manifest.
916 silly tarball no local data for @napi-rs/nice@https://registry.npmjs.org/@napi-rs/nice/-/nice-1.0.1.tgz. Extracting by manifest.
917 silly tarball no local data for @msgpackr-extract/msgpackr-extract-darwin-arm64@https://registry.npmjs.org/@msgpackr-extract/msgpackr-extract-darwin-arm64/-/msgpackr-extract-darwin-arm64-3.0.3.tgz. Extracting by manifest.
918 silly tarball no local data for @listr2/prompt-adapter-inquirer@https://registry.npmjs.org/@listr2/prompt-adapter-inquirer/-/prompt-adapter-inquirer-2.0.18.tgz. Extracting by manifest.
919 silly tarball no local data for @nodelib/fs.walk@https://registry.npmjs.org/@nodelib/fs.walk/-/fs.walk-1.2.8.tgz. Extracting by manifest.
920 silly tarball no local data for @jridgewell/trace-mapping@https://registry.npmjs.org/@jridgewell/trace-mapping/-/trace-mapping-0.3.25.tgz. Extracting by manifest.
921 silly tarball no local data for @lmdb/lmdb-darwin-arm64@https://registry.npmjs.org/@lmdb/lmdb-darwin-arm64/-/lmdb-darwin-arm64-3.1.5.tgz. Extracting by manifest.
922 silly tarball no local data for @jridgewell/gen-mapping@https://registry.npmjs.org/@jridgewell/gen-mapping/-/gen-mapping-0.3.5.tgz. Extracting by manifest.
923 silly tarball no local data for @jridgewell/set-array@https://registry.npmjs.org/@jridgewell/set-array/-/set-array-1.2.1.tgz. Extracting by manifest.
924 silly tarball no local data for @jridgewell/sourcemap-codec@https://registry.npmjs.org/@jridgewell/sourcemap-codec/-/sourcemap-codec-1.5.0.tgz. Extracting by manifest.
925 silly tarball no local data for @jridgewell/resolve-uri@https://registry.npmjs.org/@jridgewell/resolve-uri/-/resolve-uri-3.1.2.tgz. Extracting by manifest.
926 silly tarball no local data for @istanbuljs/schema@https://registry.npmjs.org/@istanbuljs/schema/-/schema-0.1.3.tgz. Extracting by manifest.
927 silly tarball no local data for @inquirer/type@https://registry.npmjs.org/@inquirer/type/-/type-3.0.1.tgz. Extracting by manifest.
928 silly tarball no local data for @inquirer/select@https://registry.npmjs.org/@inquirer/select/-/select-4.0.2.tgz. Extracting by manifest.
929 silly tarball no local data for @isaacs/fs-minipass@https://registry.npmjs.org/@isaacs/fs-minipass/-/fs-minipass-4.0.1.tgz. Extracting by manifest.
930 silly tarball no local data for @inquirer/rawlist@https://registry.npmjs.org/@inquirer/rawlist/-/rawlist-4.0.2.tgz. Extracting by manifest.
931 silly tarball no local data for @inquirer/prompts@https://registry.npmjs.org/@inquirer/prompts/-/prompts-7.1.0.tgz. Extracting by manifest.
932 silly tarball no local data for @inquirer/password@https://registry.npmjs.org/@inquirer/password/-/password-4.0.2.tgz. Extracting by manifest.
933 silly tarball no local data for @inquirer/search@https://registry.npmjs.org/@inquirer/search/-/search-3.0.2.tgz. Extracting by manifest.
934 silly tarball no local data for @inquirer/figures@https://registry.npmjs.org/@inquirer/figures/-/figures-1.0.8.tgz. Extracting by manifest.
935 silly tarball no local data for @inquirer/input@https://registry.npmjs.org/@inquirer/input/-/input-4.0.2.tgz. Extracting by manifest.
936 silly tarball no local data for @isaacs/cliui@https://registry.npmjs.org/@isaacs/cliui/-/cliui-8.0.2.tgz. Extracting by manifest.
937 silly tarball no local data for @inquirer/number@https://registry.npmjs.org/@inquirer/number/-/number-3.0.2.tgz. Extracting by manifest.
938 silly tarball no local data for @inquirer/core@https://registry.npmjs.org/@inquirer/core/-/core-10.1.0.tgz. Extracting by manifest.
939 silly tarball no local data for @inquirer/expand@https://registry.npmjs.org/@inquirer/expand/-/expand-4.0.2.tgz. Extracting by manifest.
940 silly tarball no local data for @inquirer/checkbox@https://registry.npmjs.org/@inquirer/checkbox/-/checkbox-4.0.2.tgz. Extracting by manifest.
941 silly tarball no local data for @inquirer/editor@https://registry.npmjs.org/@inquirer/editor/-/editor-4.1.0.tgz. Extracting by manifest.
942 silly tarball no local data for @babel/traverse@https://registry.npmjs.org/@babel/traverse/-/traverse-7.25.9.tgz. Extracting by manifest.
943 silly tarball no local data for @inquirer/confirm@https://registry.npmjs.org/@inquirer/confirm/-/confirm-5.0.2.tgz. Extracting by manifest.
944 silly tarball no local data for @esbuild/darwin-arm64@https://registry.npmjs.org/@esbuild/darwin-arm64/-/darwin-arm64-0.24.0.tgz. Extracting by manifest.
945 silly tarball no local data for @babel/types@https://registry.npmjs.org/@babel/types/-/types-7.26.0.tgz. Extracting by manifest.
946 silly tarball no local data for @babel/parser@https://registry.npmjs.org/@babel/parser/-/parser-7.26.2.tgz. Extracting by manifest.
947 silly tarball no local data for @babel/template@https://registry.npmjs.org/@babel/template/-/template-7.25.9.tgz. Extracting by manifest.
948 silly tarball no local data for @babel/helper-validator-option@https://registry.npmjs.org/@babel/helper-validator-option/-/helper-validator-option-7.25.9.tgz. Extracting by manifest.
949 silly tarball no local data for @babel/plugin-syntax-import-attributes@https://registry.npmjs.org/@babel/plugin-syntax-import-attributes/-/plugin-syntax-import-attributes-7.26.0.tgz. Extracting by manifest.
950 silly tarball no local data for @babel/helpers@https://registry.npmjs.org/@babel/helpers/-/helpers-7.26.0.tgz. Extracting by manifest.
951 silly tarball no local data for @babel/helper-validator-identifier@https://registry.npmjs.org/@babel/helper-validator-identifier/-/helper-validator-identifier-7.25.9.tgz. Extracting by manifest.
952 silly tarball no local data for @babel/helper-split-export-declaration@https://registry.npmjs.org/@babel/helper-split-export-declaration/-/helper-split-export-declaration-7.24.7.tgz. Extracting by manifest.
953 silly tarball no local data for @babel/helper-string-parser@https://registry.npmjs.org/@babel/helper-string-parser/-/helper-string-parser-7.25.9.tgz. Extracting by manifest.
954 silly tarball no local data for @babel/helper-plugin-utils@https://registry.npmjs.org/@babel/helper-plugin-utils/-/helper-plugin-utils-7.25.9.tgz. Extracting by manifest.
955 silly tarball no local data for @babel/helper-module-transforms@https://registry.npmjs.org/@babel/helper-module-transforms/-/helper-module-transforms-7.26.0.tgz. Extracting by manifest.
956 silly tarball no local data for @babel/helper-module-imports@https://registry.npmjs.org/@babel/helper-module-imports/-/helper-module-imports-7.25.9.tgz. Extracting by manifest.
957 silly tarball no local data for @babel/helper-compilation-targets@https://registry.npmjs.org/@babel/helper-compilation-targets/-/helper-compilation-targets-7.25.9.tgz. Extracting by manifest.
958 silly tarball no local data for @babel/helper-annotate-as-pure@https://registry.npmjs.org/@babel/helper-annotate-as-pure/-/helper-annotate-as-pure-7.25.9.tgz. Extracting by manifest.
959 silly tarball no local data for @babel/generator@https://registry.npmjs.org/@babel/generator/-/generator-7.26.2.tgz. Extracting by manifest.
960 silly tarball no local data for @babel/code-frame@https://registry.npmjs.org/@babel/code-frame/-/code-frame-7.26.2.tgz. Extracting by manifest.
961 silly tarball no local data for @babel/core@https://registry.npmjs.org/@babel/core/-/core-7.26.0.tgz. Extracting by manifest.
962 silly tarball no local data for @babel/compat-data@https://registry.npmjs.org/@babel/compat-data/-/compat-data-7.26.2.tgz. Extracting by manifest.
963 silly tarball no local data for @angular/platform-browser-dynamic@https://registry.npmjs.org/@angular/platform-browser-dynamic/-/platform-browser-dynamic-19.2.7.tgz. Extracting by manifest.
964 silly tarball no local data for @angular/platform-browser@https://registry.npmjs.org/@angular/platform-browser/-/platform-browser-19.0.6.tgz. Extracting by manifest.
965 silly tarball no local data for @angular/material@https://registry.npmjs.org/@angular/material/-/material-19.2.10.tgz. Extracting by manifest.
966 silly tarball no local data for @angular/forms@https://registry.npmjs.org/@angular/forms/-/forms-19.0.6.tgz. Extracting by manifest.
967 silly tarball no local data for @angular/core@https://registry.npmjs.org/@angular/core/-/core-19.0.6.tgz. Extracting by manifest.
968 silly tarball no local data for @angular/compiler-cli@https://registry.npmjs.org/@angular/compiler-cli/-/compiler-cli-19.0.6.tgz. Extracting by manifest.
969 silly tarball no local data for @angular/router@https://registry.npmjs.org/@angular/router/-/router-19.0.6.tgz. Extracting by manifest.
970 silly tarball no local data for @angular/common@https://registry.npmjs.org/@angular/common/-/common-19.0.6.tgz. Extracting by manifest.
971 silly tarball no local data for @angular/cli@https://registry.npmjs.org/@angular/cli/-/cli-19.0.7.tgz. Extracting by manifest.
972 silly tarball no local data for @angular/build@https://registry.npmjs.org/@angular/build/-/build-19.0.7.tgz. Extracting by manifest.
973 silly tarball no local data for @angular/animations@https://registry.npmjs.org/@angular/animations/-/animations-19.0.6.tgz. Extracting by manifest.
974 silly tarball no local data for @angular-devkit/core@https://registry.npmjs.org/@angular-devkit/core/-/core-19.0.7.tgz. Extracting by manifest.
975 silly tarball no local data for @angular/compiler@https://registry.npmjs.org/@angular/compiler/-/compiler-19.0.6.tgz. Extracting by manifest.
976 silly tarball no local data for @ampproject/remapping@https://registry.npmjs.org/@ampproject/remapping/-/remapping-2.3.0.tgz. Extracting by manifest.
977 silly tarball no local data for @angular-devkit/architect@https://registry.npmjs.org/@angular-devkit/architect/-/architect-0.1900.7.tgz. Extracting by manifest.
978 silly tarball no local data for string-width@https://registry.npmjs.org/string-width/-/string-width-4.2.3.tgz. Extracting by manifest.
979 silly tarball no local data for emoji-regex@https://registry.npmjs.org/emoji-regex/-/emoji-regex-8.0.0.tgz. Extracting by manifest.
980 silly tarball no local data for emoji-regex@https://registry.npmjs.org/emoji-regex/-/emoji-regex-8.0.0.tgz. Extracting by manifest.
981 silly tarball no local data for ansi-styles@https://registry.npmjs.org/ansi-styles/-/ansi-styles-4.3.0.tgz. Extracting by manifest.
982 silly tarball no local data for string-width@https://registry.npmjs.org/string-width/-/string-width-4.2.3.tgz. Extracting by manifest.
983 silly tarball no local data for is-fullwidth-code-point@https://registry.npmjs.org/is-fullwidth-code-point/-/is-fullwidth-code-point-3.0.0.tgz. Extracting by manifest.
984 silly tarball no local data for string-width@https://registry.npmjs.org/string-width/-/string-width-4.2.3.tgz. Extracting by manifest.
985 silly tarball no local data for @angular-devkit/schematics@https://registry.npmjs.org/@angular-devkit/schematics/-/schematics-19.0.7.tgz. Extracting by manifest.
986 silly tarball no local data for emoji-regex@https://registry.npmjs.org/emoji-regex/-/emoji-regex-8.0.0.tgz. Extracting by manifest.
987 silly tarball no local data for is-fullwidth-code-point@https://registry.npmjs.org/is-fullwidth-code-point/-/is-fullwidth-code-point-3.0.0.tgz. Extracting by manifest.
988 silly tarball no local data for is-fullwidth-code-point@https://registry.npmjs.org/is-fullwidth-code-point/-/is-fullwidth-code-point-3.0.0.tgz. Extracting by manifest.
989 silly tarball no local data for esbuild@https://registry.npmjs.org/esbuild/-/esbuild-0.21.5.tgz. Extracting by manifest.
990 silly tarball no local data for @esbuild/darwin-arm64@https://registry.npmjs.org/@esbuild/darwin-arm64/-/darwin-arm64-0.21.5.tgz. Extracting by manifest.
991 silly tarball no local data for minizlib@https://registry.npmjs.org/minizlib/-/minizlib-3.0.1.tgz. Extracting by manifest.
992 silly tarball no local data for ansi-styles@https://registry.npmjs.org/ansi-styles/-/ansi-styles-4.3.0.tgz. Extracting by manifest.
993 silly tarball no local data for minipass-fetch@https://registry.npmjs.org/minipass-fetch/-/minipass-fetch-4.0.0.tgz. Extracting by manifest.
994 silly tarball no local data for make-fetch-happen@https://registry.npmjs.org/make-fetch-happen/-/make-fetch-happen-14.0.3.tgz. Extracting by manifest.
995 silly tarball no local data for lru-cache@https://registry.npmjs.org/lru-cache/-/lru-cache-10.4.3.tgz. Extracting by manifest.
996 silly tarball no local data for @npmcli/agent@https://registry.npmjs.org/@npmcli/agent/-/agent-3.0.0.tgz. Extracting by manifest.
997 silly tarball no local data for yallist@https://registry.npmjs.org/yallist/-/yallist-4.0.0.tgz. Extracting by manifest.
998 silly tarball no local data for fs-minipass@https://registry.npmjs.org/fs-minipass/-/fs-minipass-2.1.0.tgz. Extracting by manifest.
999 silly tarball no local data for minipass@https://registry.npmjs.org/minipass/-/minipass-3.3.6.tgz. Extracting by manifest.
1000 silly tarball no local data for emoji-regex@https://registry.npmjs.org/emoji-regex/-/emoji-regex-8.0.0.tgz. Extracting by manifest.
1001 silly tarball no local data for minipass@https://registry.npmjs.org/minipass/-/minipass-5.0.0.tgz. Extracting by manifest.
1002 silly tarball no local data for negotiator@https://registry.npmjs.org/negotiator/-/negotiator-1.0.0.tgz. Extracting by manifest.
1003 silly tarball no local data for is-fullwidth-code-point@https://registry.npmjs.org/is-fullwidth-code-point/-/is-fullwidth-code-point-3.0.0.tgz. Extracting by manifest.
1004 silly tarball no local data for strip-ansi@https://registry.npmjs.org/strip-ansi/-/strip-ansi-7.1.0.tgz. Extracting by manifest.
1005 silly tarball no local data for ansi-regex@https://registry.npmjs.org/ansi-regex/-/ansi-regex-6.1.0.tgz. Extracting by manifest.
1006 silly tarball no local data for onetime@https://registry.npmjs.org/onetime/-/onetime-5.1.2.tgz. Extracting by manifest.
1007 silly tarball no local data for lru-cache@https://registry.npmjs.org/lru-cache/-/lru-cache-10.4.3.tgz. Extracting by manifest.
1008 silly tarball no local data for restore-cursor@https://registry.npmjs.org/restore-cursor/-/restore-cursor-3.1.0.tgz. Extracting by manifest.
1009 silly tarball no local data for cli-cursor@https://registry.npmjs.org/cli-cursor/-/cli-cursor-3.1.0.tgz. Extracting by manifest.
1010 silly tarball no local data for negotiator@https://registry.npmjs.org/negotiator/-/negotiator-1.0.0.tgz. Extracting by manifest.
1011 silly tarball no local data for minipass-fetch@https://registry.npmjs.org/minipass-fetch/-/minipass-fetch-4.0.0.tgz. Extracting by manifest.
1012 silly tarball no local data for minizlib@https://registry.npmjs.org/minizlib/-/minizlib-3.0.1.tgz. Extracting by manifest.
1013 silly tarball no local data for signal-exit@https://registry.npmjs.org/signal-exit/-/signal-exit-3.0.7.tgz. Extracting by manifest.
1014 silly tarball no local data for lru-cache@https://registry.npmjs.org/lru-cache/-/lru-cache-10.4.3.tgz. Extracting by manifest.
1015 silly tarball no local data for which@https://registry.npmjs.org/which/-/which-4.0.0.tgz. Extracting by manifest.
1016 silly tarball no local data for yallist@https://registry.npmjs.org/yallist/-/yallist-4.0.0.tgz. Extracting by manifest.
1017 silly tarball no local data for @npmcli/agent@https://registry.npmjs.org/@npmcli/agent/-/agent-3.0.0.tgz. Extracting by manifest.
1018 silly tarball no local data for make-fetch-happen@https://registry.npmjs.org/make-fetch-happen/-/make-fetch-happen-14.0.3.tgz. Extracting by manifest.
1019 silly tarball no local data for minipass@https://registry.npmjs.org/minipass/-/minipass-3.3.6.tgz. Extracting by manifest.
1020 silly tarball no local data for yallist@https://registry.npmjs.org/yallist/-/yallist-4.0.0.tgz. Extracting by manifest.
1021 silly tarball no local data for proc-log@https://registry.npmjs.org/proc-log/-/proc-log-4.2.0.tgz. Extracting by manifest.
1022 silly tarball no local data for minipass@https://registry.npmjs.org/minipass/-/minipass-3.3.6.tgz. Extracting by manifest.
1023 silly tarball no local data for yallist@https://registry.npmjs.org/yallist/-/yallist-4.0.0.tgz. Extracting by manifest.
1024 silly tarball no local data for yallist@https://registry.npmjs.org/yallist/-/yallist-4.0.0.tgz. Extracting by manifest.
1025 silly tarball no local data for minipass@https://registry.npmjs.org/minipass/-/minipass-3.3.6.tgz. Extracting by manifest.
1026 silly tarball no local data for picomatch@https://registry.npmjs.org/picomatch/-/picomatch-2.3.1.tgz. Extracting by manifest.
1027 silly tarball no local data for ssri@https://registry.npmjs.org/ssri/-/ssri-10.0.6.tgz. Extracting by manifest.
1028 silly tarball no local data for minipass@https://registry.npmjs.org/minipass/-/minipass-3.3.6.tgz. Extracting by manifest.
1029 silly tarball no local data for unique-slug@https://registry.npmjs.org/unique-slug/-/unique-slug-4.0.0.tgz. Extracting by manifest.
1030 silly tarball no local data for unique-filename@https://registry.npmjs.org/unique-filename/-/unique-filename-3.0.0.tgz. Extracting by manifest.
1031 silly tarball no local data for p-map@https://registry.npmjs.org/p-map/-/p-map-4.0.0.tgz. Extracting by manifest.
1032 silly tarball no local data for wrap-ansi@https://registry.npmjs.org/wrap-ansi/-/wrap-ansi-9.0.0.tgz. Extracting by manifest.
1033 silly tarball no local data for @npmcli/fs@https://registry.npmjs.org/@npmcli/fs/-/fs-3.1.1.tgz. Extracting by manifest.
1034 silly tarball no local data for proc-log@https://registry.npmjs.org/proc-log/-/proc-log-4.2.0.tgz. Extracting by manifest.
1035 silly tarball no local data for is-fullwidth-code-point@https://registry.npmjs.org/is-fullwidth-code-point/-/is-fullwidth-code-point-5.0.0.tgz. Extracting by manifest.
1036 silly tarball no local data for lru-cache@https://registry.npmjs.org/lru-cache/-/lru-cache-10.4.3.tgz. Extracting by manifest.
1037 silly tarball no local data for ansi-regex@https://registry.npmjs.org/ansi-regex/-/ansi-regex-6.1.0.tgz. Extracting by manifest.
1038 silly tarball no local data for ansi-escapes@https://registry.npmjs.org/ansi-escapes/-/ansi-escapes-7.0.0.tgz. Extracting by manifest.
1039 silly tarball no local data for wrap-ansi@https://registry.npmjs.org/wrap-ansi/-/wrap-ansi-9.0.0.tgz. Extracting by manifest.
1040 silly tarball no local data for slice-ansi@https://registry.npmjs.org/slice-ansi/-/slice-ansi-7.1.0.tgz. Extracting by manifest.
1041 silly tarball no local data for strip-ansi@https://registry.npmjs.org/strip-ansi/-/strip-ansi-7.1.0.tgz. Extracting by manifest.
1042 silly tarball no local data for eventemitter3@https://registry.npmjs.org/eventemitter3/-/eventemitter3-5.0.1.tgz. Extracting by manifest.
1043 silly tarball no local data for ansi-regex@https://registry.npmjs.org/ansi-regex/-/ansi-regex-6.1.0.tgz. Extracting by manifest.
1044 silly tarball no local data for lru-cache@https://registry.npmjs.org/lru-cache/-/lru-cache-10.4.3.tgz. Extracting by manifest.
1045 silly tarball no local data for which@https://registry.npmjs.org/which/-/which-2.0.2.tgz. Extracting by manifest.
1046 silly tarball no local data for cacache@https://registry.npmjs.org/cacache/-/cacache-18.0.4.tgz. Extracting by manifest.
1047 silly tarball no local data for isexe@https://registry.npmjs.org/isexe/-/isexe-2.0.0.tgz. Extracting by manifest.
1048 silly tarball no local data for strip-ansi@https://registry.npmjs.org/strip-ansi/-/strip-ansi-7.1.0.tgz. Extracting by manifest.
1049 silly tarball no local data for wrap-ansi@https://registry.npmjs.org/wrap-ansi/-/wrap-ansi-7.0.0.tgz. Extracting by manifest.
1050 silly tarball no local data for string-width@https://registry.npmjs.org/string-width/-/string-width-4.2.3.tgz. Extracting by manifest.
1051 silly tarball no local data for emoji-regex@https://registry.npmjs.org/emoji-regex/-/emoji-regex-8.0.0.tgz. Extracting by manifest.
1052 silly tarball no local data for is-fullwidth-code-point@https://registry.npmjs.org/is-fullwidth-code-point/-/is-fullwidth-code-point-3.0.0.tgz. Extracting by manifest.
1053 silly tarball no local data for ansi-styles@https://registry.npmjs.org/ansi-styles/-/ansi-styles-4.3.0.tgz. Extracting by manifest.
1054 silly tarball no local data for ansi-styles@https://registry.npmjs.org/ansi-styles/-/ansi-styles-4.3.0.tgz. Extracting by manifest.
1055 silly tarball no local data for minizlib@https://registry.npmjs.org/minizlib/-/minizlib-3.0.1.tgz. Extracting by manifest.
1056 silly tarball no local data for iconv-lite@https://registry.npmjs.org/iconv-lite/-/iconv-lite-0.6.3.tgz. Extracting by manifest.
1057 silly tarball no local data for mkdirp@https://registry.npmjs.org/mkdirp/-/mkdirp-3.0.1.tgz. Extracting by manifest.
1058 silly tarball no local data for tar@https://registry.npmjs.org/tar/-/tar-7.4.3.tgz. Extracting by manifest.
1059 silly tarball no local data for yallist@https://registry.npmjs.org/yallist/-/yallist-5.0.0.tgz. Extracting by manifest.
1060 silly tarball no local data for chownr@https://registry.npmjs.org/chownr/-/chownr-3.0.0.tgz. Extracting by manifest.
1061 silly tarball no local data for minizlib@https://registry.npmjs.org/minizlib/-/minizlib-3.0.1.tgz. Extracting by manifest.
1062 silly tarball no local data for make-fetch-happen@https://registry.npmjs.org/make-fetch-happen/-/make-fetch-happen-14.0.3.tgz. Extracting by manifest.
1063 silly tarball no local data for lru-cache@https://registry.npmjs.org/lru-cache/-/lru-cache-10.4.3.tgz. Extracting by manifest.
1064 silly tarball no local data for lru-cache@https://registry.npmjs.org/lru-cache/-/lru-cache-10.4.3.tgz. Extracting by manifest.
1065 silly tarball no local data for negotiator@https://registry.npmjs.org/negotiator/-/negotiator-1.0.0.tgz. Extracting by manifest.
1066 silly tarball no local data for minipass-fetch@https://registry.npmjs.org/minipass-fetch/-/minipass-fetch-4.0.0.tgz. Extracting by manifest.
1067 silly tarball no local data for node-addon-api@https://registry.npmjs.org/node-addon-api/-/node-addon-api-7.1.1.tgz. Extracting by manifest.
1068 silly tarball no local data for detect-libc@https://registry.npmjs.org/detect-libc/-/detect-libc-1.0.3.tgz. Extracting by manifest.
1069 silly tarball no local data for @npmcli/agent@https://registry.npmjs.org/@npmcli/agent/-/agent-3.0.0.tgz. Extracting by manifest.
1070 silly tarball no local data for mute-stream@https://registry.npmjs.org/mute-stream/-/mute-stream-1.0.0.tgz. Extracting by manifest.
1071 silly tarball no local data for wrap-ansi@https://registry.npmjs.org/wrap-ansi/-/wrap-ansi-8.1.0.tgz. Extracting by manifest.
1072 silly tarball no local data for @inquirer/type@https://registry.npmjs.org/@inquirer/type/-/type-1.5.5.tgz. Extracting by manifest.
1073 silly tarball no local data for ansi-regex@https://registry.npmjs.org/ansi-regex/-/ansi-regex-6.1.0.tgz. Extracting by manifest.
1074 silly tarball no local data for strip-ansi@https://registry.npmjs.org/strip-ansi/-/strip-ansi-7.1.0.tgz. Extracting by manifest.
1075 silly tarball no local data for string-width@https://registry.npmjs.org/string-width/-/string-width-5.1.2.tgz. Extracting by manifest.
1076 silly tarball no local data for emoji-regex@https://registry.npmjs.org/emoji-regex/-/emoji-regex-9.2.2.tgz. Extracting by manifest.
1077 silly tarball no local data for lru-cache@https://registry.npmjs.org/lru-cache/-/lru-cache-10.4.3.tgz. Extracting by manifest.
1078 silly tarball no local data for lru-cache@https://registry.npmjs.org/lru-cache/-/lru-cache-10.4.3.tgz. Extracting by manifest.
1079 silly tarball no local data for semver@https://registry.npmjs.org/semver/-/semver-6.3.1.tgz. Extracting by manifest.
1080 silly tarball no local data for convert-source-map@https://registry.npmjs.org/convert-source-map/-/convert-source-map-2.0.0.tgz. Extracting by manifest.
1081 silly tarball no local data for semver@https://registry.npmjs.org/semver/-/semver-6.3.1.tgz. Extracting by manifest.
1082 http fetch GET 200 https://registry.npmjs.org/wrap-ansi/-/wrap-ansi-7.0.0.tgz 425ms (cache miss)
1083 http fetch GET 200 https://registry.npmjs.org/yoctocolors-cjs/-/yoctocolors-cjs-2.1.2.tgz 425ms (cache miss)
1084 http fetch GET 200 https://registry.npmjs.org/which/-/which-5.0.0.tgz 424ms (cache miss)
1085 http fetch GET 200 https://registry.npmjs.org/validate-npm-package-name/-/validate-npm-package-name-6.0.0.tgz 423ms (cache miss)
1086 http fetch GET 200 https://registry.npmjs.org/weak-lru-cache/-/weak-lru-cache-1.2.2.tgz 425ms (cache miss)
1087 http fetch GET 200 https://registry.npmjs.org/yallist/-/yallist-3.1.1.tgz 426ms (cache miss)
1088 http fetch GET 200 https://registry.npmjs.org/y18n/-/y18n-5.0.8.tgz 426ms (cache miss)
1089 http fetch GET 200 https://registry.npmjs.org/watchpack/-/watchpack-2.4.2.tgz 426ms (cache miss)
1090 http fetch GET 200 https://registry.npmjs.org/npm 708ms
1091 http fetch POST 200 https://registry.npmjs.org/-/npm/v1/security/advisories/bulk 573ms
1092 silly audit report {
1092 silly audit report   '@babel/helpers': [
1092 silly audit report     {
1092 silly audit report       id: 1103026,
1092 silly audit report       url: 'https://github.com/advisories/GHSA-968p-4wvh-cqc8',
1092 silly audit report       title: 'Babel has inefficient RexExp complexity in generated code with .replace when transpiling named capturing groups',
1092 silly audit report       severity: 'moderate',
1092 silly audit report       vulnerable_versions: '<7.26.10',
1092 silly audit report       cwe: [Array],
1092 silly audit report       cvss: [Object]
1092 silly audit report     }
1092 silly audit report   ],
1092 silly audit report   esbuild: [
1092 silly audit report     {
1092 silly audit report       id: 1102341,
1092 silly audit report       url: 'https://github.com/advisories/GHSA-67mh-4wv8-2f99',
1092 silly audit report       title: 'esbuild enables any website to send any requests to the development server and read the response',
1092 silly audit report       severity: 'moderate',
1092 silly audit report       vulnerable_versions: '<=0.24.2',
1092 silly audit report       cwe: [Array],
1092 silly audit report       cvss: [Object]
1092 silly audit report     }
1092 silly audit report   ],
1092 silly audit report   nanoid: [
1092 silly audit report     {
1092 silly audit report       id: 1101163,
1092 silly audit report       url: 'https://github.com/advisories/GHSA-mwcw-c2x4-8c55',
1092 silly audit report       title: 'Predictable results in nanoid generation when given non-integer values',
1092 silly audit report       severity: 'moderate',
1092 silly audit report       vulnerable_versions: '<3.3.8',
1092 silly audit report       cwe: [Array],
1092 silly audit report       cvss: [Object]
1092 silly audit report     }
1092 silly audit report   ],
1092 silly audit report   vite: [
1092 silly audit report     {
1092 silly audit report       id: 1102437,
1092 silly audit report       url: 'https://github.com/advisories/GHSA-vg6x-rcgg-rjx6',
1092 silly audit report       title: 'Websites were able to send any requests to the development server and read the response in vite',
1092 silly audit report       severity: 'moderate',
1092 silly audit report       vulnerable_versions: '>=5.0.0 <=5.4.11',
1092 silly audit report       cwe: [Array],
1092 silly audit report       cvss: [Object]
1092 silly audit report     },
1092 silly audit report     {
1092 silly audit report       id: 1103517,
1092 silly audit report       url: 'https://github.com/advisories/GHSA-x574-m823-4x7w',
1092 silly audit report       title: 'Vite bypasses server.fs.deny when using ?raw??',
1092 silly audit report       severity: 'moderate',
1092 silly audit report       vulnerable_versions: '>=5.0.0 <5.4.15',
1092 silly audit report       cwe: [Array],
1092 silly audit report       cvss: [Object]
1092 silly audit report     },
1092 silly audit report     {
1092 silly audit report       id: 1103628,
1092 silly audit report       url: 'https://github.com/advisories/GHSA-4r4m-qw57-chr8',
1092 silly audit report       title: 'Vite has a `server.fs.deny` bypassed for `inline` and `raw` with `?import` query',
1092 silly audit report       severity: 'moderate',
1092 silly audit report       vulnerable_versions: '>=5.0.0 <5.4.16',
1092 silly audit report       cwe: [Array],
1092 silly audit report       cvss: [Object]
1092 silly audit report     },
1092 silly audit report     {
1092 silly audit report       id: 1103750,
1092 silly audit report       url: 'https://github.com/advisories/GHSA-xcj6-pq6g-qj4x',
1092 silly audit report       title: 'Vite allows server.fs.deny to be bypassed with .svg or relative paths',
1092 silly audit report       severity: 'moderate',
1092 silly audit report       vulnerable_versions: '>=5.0.0 <5.4.17',
1092 silly audit report       cwe: [Array],
1092 silly audit report       cvss: [Object]
1092 silly audit report     },
1092 silly audit report     {
1092 silly audit report       id: 1103884,
1092 silly audit report       url: 'https://github.com/advisories/GHSA-356w-63v5-8wf4',
1092 silly audit report       title: 'Vite has an `server.fs.deny` bypass with an invalid `request-target`',
1092 silly audit report       severity: 'moderate',
1092 silly audit report       vulnerable_versions: '>=5.0.0 <5.4.18',
1092 silly audit report       cwe: [Array],
1092 silly audit report       cvss: [Object]
1092 silly audit report     }
1092 silly audit report   ]
1092 silly audit report }
1093 silly packumentCache corgi:https://registry.npmjs.org/@babel%2fhelpers cache-miss
1094 silly packumentCache corgi:https://registry.npmjs.org/esbuild cache-miss
1095 silly packumentCache corgi:https://registry.npmjs.org/nanoid cache-miss
1096 silly packumentCache corgi:https://registry.npmjs.org/vite cache-miss
1097 http fetch GET 200 https://registry.npmjs.org/util-deprecate/-/util-deprecate-1.0.2.tgz 512ms (cache miss)
1098 http fetch GET 200 https://registry.npmjs.org/validate-npm-package-license/-/validate-npm-package-license-3.0.4.tgz 512ms (cache miss)
1099 http fetch GET 200 https://registry.npmjs.org/to-regex-range/-/to-regex-range-5.0.1.tgz 512ms (cache miss)
1100 http fetch GET 200 https://registry.npmjs.org/update-browserslist-db/-/update-browserslist-db-1.1.1.tgz 513ms (cache miss)
1101 http fetch GET 200 https://registry.npmjs.org/unique-slug/-/unique-slug-5.0.0.tgz 571ms (cache miss)
1102 http fetch GET 200 https://registry.npmjs.org/unique-filename/-/unique-filename-4.0.0.tgz 574ms (cache miss)
1103 http fetch GET 200 https://registry.npmjs.org/supports-preserve-symlinks-flag/-/supports-preserve-symlinks-flag-1.0.0.tgz 576ms (cache miss)
1104 http fetch GET 200 https://registry.npmjs.org/supports-color/-/supports-color-7.2.0.tgz 577ms (cache miss)
1105 http fetch GET 200 https://registry.npmjs.org/tmp/-/tmp-0.0.33.tgz 577ms (cache miss)
1106 http fetch GET 200 https://registry.npmjs.org/symbol-observable/-/symbol-observable-4.0.0.tgz 581ms (cache miss)
1107 http fetch GET 200 https://registry.npmjs.org/tslib/-/tslib-2.8.1.tgz 586ms (cache miss)
1108 http fetch GET 200 https://registry.npmjs.org/tar/-/tar-6.2.1.tgz 588ms (cache miss)
1109 http fetch GET 200 https://registry.npmjs.org/type-fest/-/type-fest-0.21.3.tgz 598ms (cache miss)
1110 http fetch GET 200 https://registry.npmjs.org/yargs/-/yargs-17.7.2.tgz 603ms (cache miss)
1111 http fetch GET 200 https://registry.npmjs.org/yargs-parser/-/yargs-parser-21.1.1.tgz 624ms (cache miss)
1112 http fetch GET 200 https://registry.npmjs.org/spdx-expression-parse/-/spdx-expression-parse-3.0.1.tgz 705ms (cache miss)
1113 http fetch GET 200 https://registry.npmjs.org/wrap-ansi/-/wrap-ansi-6.2.0.tgz 706ms (cache miss)
1114 http fetch GET 200 https://registry.npmjs.org/spdx-license-ids/-/spdx-license-ids-3.0.20.tgz 705ms (cache miss)
1115 http fetch GET 200 https://registry.npmjs.org/string-width/-/string-width-7.2.0.tgz 706ms (cache miss)
1116 http fetch GET 200 https://registry.npmjs.org/spdx-exceptions/-/spdx-exceptions-2.5.0.tgz 706ms (cache miss)
1117 http fetch GET 200 https://registry.npmjs.org/strip-ansi/-/strip-ansi-6.0.1.tgz 707ms (cache miss)
1118 http fetch GET 200 https://registry.npmjs.org/string_decoder/-/string_decoder-1.3.0.tgz 706ms (cache miss)
1119 http fetch GET 200 https://registry.npmjs.org/string-width/-/string-width-4.2.3.tgz 707ms (cache miss)
1120 http fetch GET 200 https://registry.npmjs.org/tuf-js/-/tuf-js-3.0.1.tgz 709ms (cache miss)
1121 http fetch GET 200 https://registry.npmjs.org/sprintf-js/-/sprintf-js-1.1.3.tgz 708ms (cache miss)
1122 http fetch GET 200 https://registry.npmjs.org/zone.js/-/zone.js-0.15.0.tgz 747ms (cache miss)
1123 http fetch GET 200 https://registry.npmjs.org/wcwidth/-/wcwidth-1.0.1.tgz 776ms (cache miss)
1124 http fetch GET 200 https://registry.npmjs.org/vite/-/vite-5.4.11.tgz 782ms (cache miss)
1125 http fetch GET 200 https://registry.npmjs.org/strip-ansi/-/strip-ansi-6.0.1.tgz 796ms (cache miss)
1126 http fetch GET 200 https://registry.npmjs.org/socks-proxy-agent/-/socks-proxy-agent-8.0.4.tgz 796ms (cache miss)
1127 http fetch GET 200 https://registry.npmjs.org/signal-exit/-/signal-exit-4.1.0.tgz 799ms (cache miss)
1128 http fetch GET 200 https://registry.npmjs.org/spdx-correct/-/spdx-correct-3.2.0.tgz 807ms (cache miss)
1129 http fetch GET 200 https://registry.npmjs.org/slice-ansi/-/slice-ansi-5.0.0.tgz 806ms (cache miss)
1130 http fetch GET 200 https://registry.npmjs.org/shebang-command/-/shebang-command-2.0.0.tgz 823ms (cache miss)
1131 http fetch GET 200 https://registry.npmjs.org/sigstore/-/sigstore-3.0.0.tgz 823ms (cache miss)
1132 http fetch GET 200 https://registry.npmjs.org/source-map/-/source-map-0.7.4.tgz 847ms (cache miss)
1133 http fetch GET 200 https://registry.npmjs.org/source-map-js/-/source-map-js-1.2.1.tgz 847ms (cache miss)
1134 http fetch GET 200 https://registry.npmjs.org/shebang-regex/-/shebang-regex-3.0.0.tgz 848ms (cache miss)
1135 http fetch GET 200 https://registry.npmjs.org/safer-buffer/-/safer-buffer-2.1.2.tgz 857ms (cache miss)
1136 http fetch GET 200 https://registry.npmjs.org/semver/-/semver-7.6.3.tgz 861ms (cache miss)
1137 http fetch GET 200 https://registry.npmjs.org/smart-buffer/-/smart-buffer-4.2.0.tgz 861ms (cache miss)
1138 http fetch GET 200 https://registry.npmjs.org/socks/-/socks-2.8.3.tgz 864ms (cache miss)
1139 http fetch GET 200 https://registry.npmjs.org/safe-buffer/-/safe-buffer-5.2.1.tgz 887ms (cache miss)
1140 http fetch GET 200 https://registry.npmjs.org/run-parallel/-/run-parallel-1.2.0.tgz 918ms (cache miss)
1141 http fetch GET 200 https://registry.npmjs.org/rimraf/-/rimraf-5.0.10.tgz 978ms (cache miss)
1142 http fetch GET 200 https://registry.npmjs.org/rfdc/-/rfdc-1.4.1.tgz 1046ms (cache miss)
1143 http fetch GET 200 https://registry.npmjs.org/restore-cursor/-/restore-cursor-5.1.0.tgz 1254ms (cache miss)
1144 http fetch GET 200 https://registry.npmjs.org/require-from-string/-/require-from-string-2.0.2.tgz 1256ms (cache miss)
1145 http fetch GET 200 https://registry.npmjs.org/queue-microtask/-/queue-microtask-1.2.3.tgz 1256ms (cache miss)
1146 http fetch GET 200 https://registry.npmjs.org/require-directory/-/require-directory-2.1.1.tgz 1259ms (cache miss)
1147 http fetch GET 200 https://registry.npmjs.org/reusify/-/reusify-1.0.4.tgz 1259ms (cache miss)
1148 http fetch GET 200 https://registry.npmjs.org/retry/-/retry-0.12.0.tgz 1261ms (cache miss)
1149 http fetch GET 200 https://registry.npmjs.org/reflect-metadata/-/reflect-metadata-0.2.2.tgz 1261ms (cache miss)
1150 http fetch GET 200 https://registry.npmjs.org/readable-stream/-/readable-stream-3.6.2.tgz 1274ms (cache miss)
1151 http fetch GET 200 https://registry.npmjs.org/proc-log/-/proc-log-5.0.0.tgz 1309ms (cache miss)
1152 http fetch GET 200 https://registry.npmjs.org/resolve/-/resolve-1.22.8.tgz 1328ms (cache miss)
1153 http fetch GET 200 https://registry.npmjs.org/sass/-/sass-1.80.7.tgz 1378ms (cache miss)
1154 http fetch GET 200 https://registry.npmjs.org/promise-retry/-/promise-retry-2.0.1.tgz 1397ms (cache miss)
1155 http fetch GET 200 https://registry.npmjs.org/postcss-media-query-parser/-/postcss-media-query-parser-0.2.3.tgz 1417ms (cache miss)
1156 http fetch GET 200 https://registry.npmjs.org/promise-inflight/-/promise-inflight-1.0.1.tgz 1433ms (cache miss)
1157 http fetch GET 200 https://registry.npmjs.org/picocolors/-/picocolors-1.1.1.tgz 1432ms (cache miss)
1158 http fetch GET 200 https://registry.npmjs.org/picomatch/-/picomatch-4.0.2.tgz 1433ms (cache miss)
1159 http fetch GET 200 https://registry.npmjs.org/parse5-html-rewriting-stream/-/parse5-html-rewriting-stream-7.0.0.tgz 1434ms (cache miss)
1160 http fetch GET 200 https://registry.npmjs.org/parse5-sax-parser/-/parse5-sax-parser-7.0.0.tgz 1468ms (cache miss)
1161 http fetch GET 200 https://registry.npmjs.org/path-key/-/path-key-3.1.1.tgz 1557ms (cache miss)
1162 http fetch GET 200 https://registry.npmjs.org/path-parse/-/path-parse-1.0.7.tgz 1557ms (cache miss)
1163 http fetch GET 200 https://registry.npmjs.org/p-map/-/p-map-7.0.2.tgz 1558ms (cache miss)
1164 http fetch GET 200 https://registry.npmjs.org/onetime/-/onetime-7.0.0.tgz 1558ms (cache miss)
1165 http fetch GET 200 https://registry.npmjs.org/package-json-from-dist/-/package-json-from-dist-1.0.1.tgz 1559ms (cache miss)
1166 http fetch GET 200 https://registry.npmjs.org/ora/-/ora-5.4.1.tgz 1564ms (cache miss)
1167 http fetch GET 200 https://registry.npmjs.org/pacote/-/pacote-20.0.0.tgz 1576ms (cache miss)
1168 http fetch GET 200 https://registry.npmjs.org/path-scurry/-/path-scurry-1.11.1.tgz 1590ms (cache miss)
1169 http fetch GET 200 https://registry.npmjs.org/postcss/-/postcss-8.4.49.tgz 1593ms (cache miss)
1170 http fetch GET 200 https://registry.npmjs.org/npm-pick-manifest/-/npm-pick-manifest-10.0.0.tgz 1638ms (cache miss)
1171 http fetch GET 200 https://registry.npmjs.org/npm-normalize-package-bin/-/npm-normalize-package-bin-4.0.0.tgz 1638ms (cache miss)
1172 http fetch GET 200 https://registry.npmjs.org/npm-bundled/-/npm-bundled-4.0.0.tgz 1639ms (cache miss)
1173 http fetch GET 200 https://registry.npmjs.org/os-tmpdir/-/os-tmpdir-1.0.2.tgz 1640ms (cache miss)
1174 http fetch GET 200 https://registry.npmjs.org/npm-package-arg/-/npm-package-arg-12.0.0.tgz 1641ms (cache miss)
1175 http fetch GET 200 https://registry.npmjs.org/npm-packlist/-/npm-packlist-9.0.0.tgz 1648ms (cache miss)
1176 http fetch GET 200 https://registry.npmjs.org/npm-registry-fetch/-/npm-registry-fetch-18.0.2.tgz 1649ms (cache miss)
1177 http fetch GET 200 https://registry.npmjs.org/ordered-binary/-/ordered-binary-1.5.3.tgz 1653ms (cache miss)
1178 http fetch GET 200 https://registry.npmjs.org/parse5/-/parse5-7.2.1.tgz 1661ms (cache miss)
1179 http fetch GET 200 https://registry.npmjs.org/nth-check/-/nth-check-2.1.1.tgz 1661ms (cache miss)
1180 http fetch GET 200 https://registry.npmjs.org/rollup/-/rollup-4.26.0.tgz 1678ms (cache miss)
1181 http fetch GET 200 https://registry.npmjs.org/npm-install-checks/-/npm-install-checks-7.1.0.tgz 1685ms (cache miss)
1182 http fetch GET 200 https://registry.npmjs.org/piscina/-/piscina-4.7.0.tgz 1709ms (cache miss)
1183 http fetch GET 200 https://registry.npmjs.org/node-gyp-build-optional-packages/-/node-gyp-build-optional-packages-5.2.2.tgz 1721ms (cache miss)
1184 http fetch GET 200 https://registry.npmjs.org/nopt/-/nopt-7.2.1.tgz 1721ms (cache miss)
1185 http fetch GET 200 https://registry.npmjs.org/negotiator/-/negotiator-0.6.4.tgz 1724ms (cache miss)
1186 http fetch GET 200 https://registry.npmjs.org/node-releases/-/node-releases-2.0.18.tgz 1732ms (cache miss)
1187 http fetch GET 200 https://registry.npmjs.org/ssri/-/ssri-12.0.0.tgz 1735ms (cache miss)
1188 http fetch GET 200 https://registry.npmjs.org/mute-stream/-/mute-stream-2.0.0.tgz 1735ms (cache miss)
1189 http fetch GET 200 https://registry.npmjs.org/nanoid/-/nanoid-3.3.7.tgz 1739ms (cache miss)
1190 http fetch GET 200 https://registry.npmjs.org/normalize-package-data/-/normalize-package-data-7.0.0.tgz 1755ms (cache miss)
1191 http fetch GET 200 https://registry.npmjs.org/mrmime/-/mrmime-2.0.0.tgz 1755ms (cache miss)
1192 http fetch GET 200 https://registry.npmjs.org/msgpackr-extract/-/msgpackr-extract-3.0.3.tgz 1771ms (cache miss)
1193 http fetch GET 200 https://registry.npmjs.org/mkdirp/-/mkdirp-1.0.4.tgz 1772ms (cache miss)
1194 http fetch GET 200 https://registry.npmjs.org/node-addon-api/-/node-addon-api-6.1.0.tgz 1781ms (cache miss)
1195 http fetch GET 200 https://registry.npmjs.org/minipass-pipeline/-/minipass-pipeline-1.2.4.tgz 1813ms (cache miss)
1196 http fetch GET 200 https://registry.npmjs.org/minizlib/-/minizlib-2.1.2.tgz 1813ms (cache miss)
1197 http fetch GET 200 https://registry.npmjs.org/minipass-sized/-/minipass-sized-1.0.3.tgz 1823ms (cache miss)
1198 http fetch GET 200 https://registry.npmjs.org/minipass-fetch/-/minipass-fetch-3.0.5.tgz 1826ms (cache miss)
1199 http fetch GET 200 https://registry.npmjs.org/ms/-/ms-2.1.3.tgz 1828ms (cache miss)
1200 http fetch GET 200 https://registry.npmjs.org/minipass-flush/-/minipass-flush-1.0.5.tgz 1831ms (cache miss)
1201 http fetch GET 200 https://registry.npmjs.org/minipass/-/minipass-7.1.2.tgz 1839ms (cache miss)
1202 http fetch GET 200 https://registry.npmjs.org/minipass-collect/-/minipass-collect-2.0.1.tgz 1838ms (cache miss)
1203 http fetch GET 200 https://registry.npmjs.org/minimatch/-/minimatch-9.0.5.tgz 1864ms (cache miss)
1204 http fetch GET 200 https://registry.npmjs.org/mimic-fn/-/mimic-fn-2.1.0.tgz 1901ms (cache miss)
1205 http fetch GET 200 https://registry.npmjs.org/merge2/-/merge2-1.4.1.tgz 1902ms (cache miss)
1206 http fetch GET 200 https://registry.npmjs.org/micromatch/-/micromatch-4.0.8.tgz 1903ms (cache miss)
1207 http fetch GET 200 https://registry.npmjs.org/lru-cache/-/lru-cache-5.1.1.tgz 1939ms (cache miss)
1208 http fetch GET 200 https://registry.npmjs.org/mimic-function/-/mimic-function-5.0.1.tgz 1939ms (cache miss)
1209 http fetch GET 200 https://registry.npmjs.org/make-fetch-happen/-/make-fetch-happen-13.0.1.tgz 1939ms (cache miss)
1210 http fetch GET 200 https://registry.npmjs.org/msgpackr/-/msgpackr-1.11.2.tgz 1941ms (cache miss)
1211 http fetch GET 200 https://registry.npmjs.org/typescript/-/typescript-5.6.3.tgz 1965ms (cache miss)
1212 http fetch GET 200 https://registry.npmjs.org/listr2/-/listr2-8.2.5.tgz 1958ms (cache miss)
1213 http fetch GET 200 https://registry.npmjs.org/node-gyp/-/node-gyp-10.2.0.tgz 1966ms (cache miss)
1214 http fetch GET 200 https://registry.npmjs.org/log-symbols/-/log-symbols-4.1.0.tgz 1979ms (cache miss)
1215 http fetch GET 200 https://registry.npmjs.org/log-update/-/log-update-6.1.0.tgz 1981ms (cache miss)
1216 http fetch GET 200 https://registry.npmjs.org/jsonparse/-/jsonparse-1.3.1.tgz 1995ms (cache miss)
1217 http fetch GET 200 https://registry.npmjs.org/magic-string/-/magic-string-0.30.12.tgz 2000ms (cache miss)
1218 http fetch GET 200 https://registry.npmjs.org/json5/-/json5-2.2.3.tgz 2007ms (cache miss)
1219 http fetch GET 200 https://registry.npmjs.org/jsonc-parser/-/jsonc-parser-3.3.1.tgz 2012ms (cache miss)
1220 http fetch GET 200 https://registry.npmjs.org/json-parse-even-better-errors/-/json-parse-even-better-errors-4.0.0.tgz 2013ms (cache miss)
1221 http fetch GET 200 https://registry.npmjs.org/js-tokens/-/js-tokens-4.0.0.tgz 2029ms (cache miss)
1222 http fetch GET 200 https://registry.npmjs.org/jsbn/-/jsbn-1.1.0.tgz 2038ms (cache miss)
1223 http fetch GET 200 https://registry.npmjs.org/jackspeak/-/jackspeak-3.4.3.tgz 2060ms (cache miss)
1224 http fetch GET 200 https://registry.npmjs.org/is-glob/-/is-glob-4.0.3.tgz 2072ms (cache miss)
1225 http fetch GET 200 https://registry.npmjs.org/jsesc/-/jsesc-3.0.2.tgz 2073ms (cache miss)
1226 http fetch GET 200 https://registry.npmjs.org/isexe/-/isexe-3.1.1.tgz 2073ms (cache miss)
1227 http fetch GET 200 https://registry.npmjs.org/istanbul-lib-instrument/-/istanbul-lib-instrument-6.0.3.tgz 2073ms (cache miss)
1228 http fetch GET 200 https://registry.npmjs.org/is-unicode-supported/-/is-unicode-supported-0.1.0.tgz 2074ms (cache miss)
1229 http fetch GET 200 https://registry.npmjs.org/istanbul-lib-coverage/-/istanbul-lib-coverage-3.2.2.tgz 2074ms (cache miss)
1230 http fetch GET 200 https://registry.npmjs.org/is-number/-/is-number-7.0.0.tgz 2074ms (cache miss)
1231 http fetch GET 200 https://registry.npmjs.org/rxjs/-/rxjs-7.8.1.tgz 2083ms (cache miss)
1232 http fetch GET 200 https://registry.npmjs.org/json-schema-traverse/-/json-schema-traverse-1.0.0.tgz 2086ms (cache miss)
1233 http fetch GET 200 https://registry.npmjs.org/is-lambda/-/is-lambda-1.0.1.tgz 2107ms (cache miss)
1234 http fetch GET 200 https://registry.npmjs.org/is-core-module/-/is-core-module-2.15.1.tgz 2107ms (cache miss)
1235 http fetch GET 200 https://registry.npmjs.org/is-extglob/-/is-extglob-2.1.1.tgz 2107ms (cache miss)
1236 http fetch GET 200 https://registry.npmjs.org/inherits/-/inherits-2.0.4.tgz 2124ms (cache miss)
1237 http fetch GET 200 https://registry.npmjs.org/is-fullwidth-code-point/-/is-fullwidth-code-point-4.0.0.tgz 2125ms (cache miss)
1238 http fetch GET 200 https://registry.npmjs.org/indent-string/-/indent-string-4.0.0.tgz 2135ms (cache miss)
1239 http fetch GET 200 https://registry.npmjs.org/is-interactive/-/is-interactive-1.0.0.tgz 2136ms (cache miss)
1240 http fetch GET 200 https://registry.npmjs.org/ini/-/ini-5.0.0.tgz 2136ms (cache miss)
1241 http fetch GET 200 https://registry.npmjs.org/lmdb/-/lmdb-3.1.5.tgz 2144ms (cache miss)
1242 http fetch GET 200 https://registry.npmjs.org/imurmurhash/-/imurmurhash-0.1.4.tgz 2151ms (cache miss)
1243 http fetch GET 200 https://registry.npmjs.org/ignore-walk/-/ignore-walk-7.0.0.tgz 2152ms (cache miss)
1244 http fetch GET 200 https://registry.npmjs.org/immutable/-/immutable-5.0.3.tgz 2159ms (cache miss)
1245 http fetch GET 200 https://registry.npmjs.org/ieee754/-/ieee754-1.2.1.tgz 2162ms (cache miss)
1246 http fetch GET 200 https://registry.npmjs.org/ip-address/-/ip-address-9.0.5.tgz 2164ms (cache miss)
1247 http fetch GET 200 https://registry.npmjs.org/http-proxy-agent/-/http-proxy-agent-7.0.2.tgz 2174ms (cache miss)
1248 http fetch GET 200 https://registry.npmjs.org/hosted-git-info/-/hosted-git-info-8.0.0.tgz 2183ms (cache miss)
1249 http fetch GET 200 https://registry.npmjs.org/readdirp/-/readdirp-4.0.2.tgz 2193ms (cache miss)
1250 http fetch GET 200 https://registry.npmjs.org/https-proxy-agent/-/https-proxy-agent-7.0.5.tgz 2184ms (cache miss)
1251 http fetch GET 200 https://registry.npmjs.org/iconv-lite/-/iconv-lite-0.4.24.tgz 2189ms (cache miss)
1252 http fetch GET 200 https://registry.npmjs.org/hasown/-/hasown-2.0.2.tgz 2196ms (cache miss)
1253 http fetch GET 200 https://registry.npmjs.org/http-cache-semantics/-/http-cache-semantics-4.1.1.tgz 2205ms (cache miss)
1254 http fetch GET 200 https://registry.npmjs.org/htmlparser2/-/htmlparser2-9.1.0.tgz 2213ms (cache miss)
1255 http fetch GET 200 https://registry.npmjs.org/gensync/-/gensync-1.0.0-beta.2.tgz 2217ms (cache miss)
1256 http fetch GET 200 https://registry.npmjs.org/globals/-/globals-11.12.0.tgz 2218ms (cache miss)
1257 http fetch GET 200 https://registry.npmjs.org/has-flag/-/has-flag-4.0.0.tgz 2223ms (cache miss)
1258 http fetch GET 200 https://registry.npmjs.org/get-east-asian-width/-/get-east-asian-width-1.3.0.tgz 2223ms (cache miss)
1259 http fetch GET 200 https://registry.npmjs.org/graceful-fs/-/graceful-fs-4.2.11.tgz 2234ms (cache miss)
1260 http fetch GET 200 https://registry.npmjs.org/get-caller-file/-/get-caller-file-2.0.5.tgz 2233ms (cache miss)
1261 http fetch GET 200 https://registry.npmjs.org/glob-to-regexp/-/glob-to-regexp-0.4.1.tgz 2235ms (cache miss)
1262 http fetch GET 200 https://registry.npmjs.org/function-bind/-/function-bind-1.1.2.tgz 2294ms (cache miss)
1263 http fetch GET 200 https://registry.npmjs.org/glob-parent/-/glob-parent-5.1.2.tgz 2294ms (cache miss)
1264 http fetch GET 200 https://registry.npmjs.org/fs-minipass/-/fs-minipass-3.0.3.tgz 2294ms (cache miss)
1265 http fetch GET 200 https://registry.npmjs.org/fastq/-/fastq-1.17.1.tgz 2294ms (cache miss)
1266 http fetch GET 200 https://registry.npmjs.org/glob/-/glob-10.4.5.tgz 2298ms (cache miss)
1267 http fetch GET 200 https://registry.npmjs.org/fast-glob/-/fast-glob-3.3.2.tgz 2299ms (cache miss)
1268 http fetch GET 200 https://registry.npmjs.org/fsevents/-/fsevents-2.3.3.tgz 2339ms (cache miss)
1269 http fetch GET 200 https://registry.npmjs.org/exponential-backoff/-/exponential-backoff-3.1.1.tgz 2354ms (cache miss)
1270 http fetch GET 200 https://registry.npmjs.org/foreground-child/-/foreground-child-3.3.0.tgz 2355ms (cache miss)
1271 http fetch GET 200 https://registry.npmjs.org/fast-deep-equal/-/fast-deep-equal-3.1.3.tgz 2355ms (cache miss)
1272 http fetch GET 200 https://registry.npmjs.org/external-editor/-/external-editor-3.1.0.tgz 2356ms (cache miss)
1273 http fetch GET 200 https://registry.npmjs.org/escalade/-/escalade-3.2.0.tgz 2356ms (cache miss)
1274 http fetch GET 200 https://registry.npmjs.org/esbuild/-/esbuild-0.24.0.tgz 2356ms (cache miss)
1275 http fetch GET 200 https://registry.npmjs.org/fast-uri/-/fast-uri-3.0.5.tgz 2359ms (cache miss)
1276 http fetch GET 200 https://registry.npmjs.org/fill-range/-/fill-range-7.1.1.tgz 2389ms (cache miss)
1277 http fetch GET 200 https://registry.npmjs.org/err-code/-/err-code-2.0.3.tgz 2402ms (cache miss)
1278 http fetch GET 200 https://registry.npmjs.org/env-paths/-/env-paths-2.2.1.tgz 2403ms (cache miss)
1279 http fetch GET 200 https://registry.npmjs.org/encoding/-/encoding-0.1.13.tgz 2436ms (cache miss)
1280 http fetch GET 200 https://registry.npmjs.org/entities/-/entities-4.5.0.tgz 2442ms (cache miss)
1281 http fetch GET 200 https://registry.npmjs.org/emoji-regex/-/emoji-regex-10.4.0.tgz 2467ms (cache miss)
1282 http fetch GET 200 https://registry.npmjs.org/eastasianwidth/-/eastasianwidth-0.2.0.tgz 2467ms (cache miss)
1283 http fetch GET 200 https://registry.npmjs.org/environment/-/environment-1.1.0.tgz 2467ms (cache miss)
1284 http fetch GET 200 https://registry.npmjs.org/electron-to-chromium/-/electron-to-chromium-1.5.63.tgz 2469ms (cache miss)
1285 http fetch GET 200 https://registry.npmjs.org/domhandler/-/domhandler-5.0.3.tgz 2469ms (cache miss)
1286 http fetch GET 200 https://registry.npmjs.org/detect-libc/-/detect-libc-2.0.3.tgz 2479ms (cache miss)
1287 http fetch GET 200 https://registry.npmjs.org/domutils/-/domutils-3.1.0.tgz 2486ms (cache miss)
1288 http fetch GET 200 https://registry.npmjs.org/css-what/-/css-what-6.1.0.tgz 2506ms (cache miss)
1289 http fetch GET 200 https://registry.npmjs.org/dom-serializer/-/dom-serializer-2.0.0.tgz 2506ms (cache miss)
1290 http fetch GET 200 https://registry.npmjs.org/domelementtype/-/domelementtype-2.3.0.tgz 2507ms (cache miss)
1291 http fetch GET 200 https://registry.npmjs.org/debug/-/debug-4.3.7.tgz 2506ms (cache miss)
1292 http fetch GET 200 https://registry.npmjs.org/css-select/-/css-select-5.1.0.tgz 2515ms (cache miss)
1293 http fetch GET 200 https://registry.npmjs.org/color-name/-/color-name-1.1.4.tgz 2536ms (cache miss)
1294 http fetch GET 200 https://registry.npmjs.org/colorette/-/colorette-2.0.20.tgz 2536ms (cache miss)
1295 http fetch GET 200 https://registry.npmjs.org/defaults/-/defaults-1.0.4.tgz 2539ms (cache miss)
1296 http fetch GET 200 https://registry.npmjs.org/cross-spawn/-/cross-spawn-7.0.6.tgz 2540ms (cache miss)
1297 http fetch GET 200 https://registry.npmjs.org/convert-source-map/-/convert-source-map-1.9.0.tgz 2537ms (cache miss)
1298 http fetch GET 200 https://registry.npmjs.org/color-convert/-/color-convert-2.0.1.tgz 2567ms (cache miss)
1299 http fetch GET 200 https://registry.npmjs.org/cliui/-/cliui-8.0.1.tgz 2576ms (cache miss)
1300 http fetch GET 200 https://registry.npmjs.org/chownr/-/chownr-2.0.0.tgz 2595ms (cache miss)
1301 http fetch GET 200 https://registry.npmjs.org/cli-spinners/-/cli-spinners-2.9.2.tgz 2595ms (cache miss)
1302 http fetch GET 200 https://registry.npmjs.org/cli-cursor/-/cli-cursor-5.0.0.tgz 2596ms (cache miss)
1303 http fetch GET 200 https://registry.npmjs.org/clean-stack/-/clean-stack-2.2.0.tgz 2597ms (cache miss)
1304 http fetch GET 200 https://registry.npmjs.org/cli-truncate/-/cli-truncate-4.0.0.tgz 2597ms (cache miss)
1305 http fetch GET 200 https://registry.npmjs.org/chokidar/-/chokidar-4.0.1.tgz 2598ms (cache miss)
1306 http fetch GET 200 https://registry.npmjs.org/cli-width/-/cli-width-4.1.0.tgz 2607ms (cache miss)
1307 http fetch GET 200 https://registry.npmjs.org/clone/-/clone-1.0.4.tgz 2673ms (cache miss)
1308 http fetch GET 200 https://registry.npmjs.org/browserslist/-/browserslist-4.24.2.tgz 2673ms (cache miss)
1309 http fetch GET 200 https://registry.npmjs.org/chalk/-/chalk-4.1.2.tgz 2673ms (cache miss)
1310 http fetch GET 200 https://registry.npmjs.org/braces/-/braces-3.0.3.tgz 2673ms (cache miss)
1311 http fetch GET 200 https://registry.npmjs.org/caniuse-lite/-/caniuse-lite-1.0.30001680.tgz 2744ms (cache miss)
1312 http fetch GET 200 https://registry.npmjs.org/bl/-/bl-4.1.0.tgz 2869ms (cache miss)
1313 http fetch GET 200 https://registry.npmjs.org/base64-js/-/base64-js-1.5.1.tgz 2869ms (cache miss)
1314 http fetch GET 200 https://registry.npmjs.org/brace-expansion/-/brace-expansion-2.0.1.tgz 2869ms (cache miss)
1315 http fetch GET 200 https://registry.npmjs.org/ansi-regex/-/ansi-regex-5.0.1.tgz 2869ms (cache miss)
1316 http fetch GET 200 https://registry.npmjs.org/ansi-styles/-/ansi-styles-6.2.1.tgz 2870ms (cache miss)
1317 http fetch GET 200 https://registry.npmjs.org/boolbase/-/boolbase-1.0.0.tgz 2870ms (cache miss)
1318 http fetch GET 200 https://registry.npmjs.org/balanced-match/-/balanced-match-1.0.2.tgz 2870ms (cache miss)
1319 http fetch GET 200 https://registry.npmjs.org/buffer/-/buffer-5.7.1.tgz 2871ms (cache miss)
1320 http fetch GET 200 https://registry.npmjs.org/chardet/-/chardet-0.7.0.tgz 2872ms (cache miss)
1321 http fetch GET 200 https://registry.npmjs.org/ansi-escapes/-/ansi-escapes-4.3.2.tgz 2871ms (cache miss)
1322 http fetch GET 200 https://registry.npmjs.org/beasties/-/beasties-0.1.0.tgz 2871ms (cache miss)
1323 http fetch GET 200 https://registry.npmjs.org/ajv-formats/-/ajv-formats-3.0.1.tgz 2871ms (cache miss)
1324 http fetch GET 200 https://registry.npmjs.org/cacache/-/cacache-19.0.1.tgz 2871ms (cache miss)
1325 http fetch GET 200 https://registry.npmjs.org/aggregate-error/-/aggregate-error-3.1.0.tgz 2951ms (cache miss)
1326 http fetch GET 200 https://registry.npmjs.org/@yarnpkg/lockfile/-/lockfile-1.1.0.tgz 2962ms (cache miss)
1327 http fetch GET 200 https://registry.npmjs.org/@tufjs/models/-/models-3.0.1.tgz 2963ms (cache miss)
1328 http fetch GET 200 https://registry.npmjs.org/@sigstore/sign/-/sign-3.0.0.tgz 2970ms (cache miss)
1329 http fetch GET 200 https://registry.npmjs.org/ajv/-/ajv-8.17.1.tgz 2996ms (cache miss)
1330 http fetch GET 200 https://registry.npmjs.org/@tufjs/canonical-json/-/canonical-json-2.0.0.tgz 3044ms (cache miss)
1331 http fetch GET 200 https://registry.npmjs.org/@sigstore/bundle/-/bundle-3.0.0.tgz 3044ms (cache miss)
1332 http fetch GET 200 https://registry.npmjs.org/@types/estree/-/estree-1.0.6.tgz 3045ms (cache miss)
1333 http fetch GET 200 https://registry.npmjs.org/@sigstore/tuf/-/tuf-3.0.0.tgz 3046ms (cache miss)
1334 http fetch GET 200 https://registry.npmjs.org/@npmcli/redact/-/redact-3.0.0.tgz 3046ms (cache miss)
1335 http fetch GET 200 https://registry.npmjs.org/agent-base/-/agent-base-7.1.1.tgz 3049ms (cache miss)
1336 http fetch GET 200 https://registry.npmjs.org/@pkgjs/parseargs/-/parseargs-0.11.0.tgz 3047ms (cache miss)
1337 http fetch GET 200 https://registry.npmjs.org/@sigstore/core/-/core-2.0.0.tgz 3050ms (cache miss)
1338 http fetch GET 200 https://registry.npmjs.org/@sigstore/verify/-/verify-2.0.0.tgz 3052ms (cache miss)
1339 http fetch GET 200 https://registry.npmjs.org/@npmcli/run-script/-/run-script-9.0.1.tgz 3094ms (cache miss)
1340 http fetch GET 200 https://registry.npmjs.org/@parcel/watcher-darwin-arm64/-/watcher-darwin-arm64-2.5.0.tgz 3124ms (cache miss)
1341 http fetch GET 200 https://registry.npmjs.org/abbrev/-/abbrev-2.0.0.tgz 3128ms (cache miss)
1342 http fetch GET 200 https://registry.npmjs.org/@nodelib/fs.stat/-/fs.stat-2.0.5.tgz 3127ms (cache miss)
1343 http fetch GET 200 https://registry.npmjs.org/@sigstore/protobuf-specs/-/protobuf-specs-0.3.2.tgz 3159ms (cache miss)
1344 http fetch GET 200 https://registry.npmjs.org/@parcel/watcher/-/watcher-2.5.0.tgz 3185ms (cache miss)
1345 http fetch GET 200 https://registry.npmjs.org/@npmcli/node-gyp/-/node-gyp-4.0.0.tgz 3192ms (cache miss)
1346 http fetch GET 200 https://registry.npmjs.org/@npmcli/fs/-/fs-4.0.0.tgz 3221ms (cache miss)
1347 http fetch GET 200 https://registry.npmjs.org/@npmcli/package-json/-/package-json-6.0.1.tgz 3221ms (cache miss)
1348 http fetch GET 200 https://registry.npmjs.org/@npmcli/git/-/git-6.0.1.tgz 3222ms (cache miss)
1349 http fetch GET 200 https://registry.npmjs.org/@npmcli/installed-package-contents/-/installed-package-contents-3.0.0.tgz 3222ms (cache miss)
1350 http fetch GET 200 https://registry.npmjs.org/@nodelib/fs.scandir/-/fs.scandir-2.1.5.tgz 3222ms (cache miss)
1351 http fetch GET 200 https://registry.npmjs.org/@npmcli/promise-spawn/-/promise-spawn-8.0.2.tgz 3224ms (cache miss)
1352 http fetch GET 200 https://registry.npmjs.org/@vitejs/plugin-basic-ssl/-/plugin-basic-ssl-1.1.0.tgz 3227ms (cache miss)
1353 http fetch GET 200 https://registry.npmjs.org/@npmcli/agent/-/agent-2.2.2.tgz 3254ms (cache miss)
1354 http fetch GET 200 https://registry.npmjs.org/@napi-rs/nice/-/nice-1.0.1.tgz 3273ms (cache miss)
1355 http fetch GET 200 https://registry.npmjs.org/@listr2/prompt-adapter-inquirer/-/prompt-adapter-inquirer-2.0.18.tgz 3293ms (cache miss)
1356 http fetch GET 200 https://registry.npmjs.org/@nodelib/fs.walk/-/fs.walk-1.2.8.tgz 3293ms (cache miss)
1357 http fetch GET 200 https://registry.npmjs.org/@msgpackr-extract/msgpackr-extract-darwin-arm64/-/msgpackr-extract-darwin-arm64-3.0.3.tgz 3297ms (cache miss)
1358 http fetch GET 200 https://registry.npmjs.org/@istanbuljs/schema/-/schema-0.1.3.tgz 3349ms (cache miss)
1359 http fetch GET 200 https://registry.npmjs.org/@jridgewell/gen-mapping/-/gen-mapping-0.3.5.tgz 3351ms (cache miss)
1360 http fetch GET 200 https://registry.npmjs.org/@jridgewell/resolve-uri/-/resolve-uri-3.1.2.tgz 3350ms (cache miss)
1361 http fetch GET 200 https://registry.npmjs.org/@inquirer/select/-/select-4.0.2.tgz 3369ms (cache miss)
1362 http fetch GET 200 https://registry.npmjs.org/@jridgewell/set-array/-/set-array-1.2.1.tgz 3370ms (cache miss)
1363 http fetch GET 200 https://registry.npmjs.org/@jridgewell/sourcemap-codec/-/sourcemap-codec-1.5.0.tgz 3371ms (cache miss)
1364 http fetch GET 200 https://registry.npmjs.org/@jridgewell/trace-mapping/-/trace-mapping-0.3.25.tgz 3374ms (cache miss)
1365 http fetch GET 200 https://registry.npmjs.org/@inquirer/type/-/type-3.0.1.tgz 3379ms (cache miss)
1366 http fetch GET 200 https://registry.npmjs.org/@rollup/rollup-darwin-arm64/-/rollup-darwin-arm64-4.26.0.tgz 3388ms (cache miss)
1367 http fetch GET 200 https://registry.npmjs.org/@schematics/angular/-/angular-19.0.7.tgz 3418ms (cache miss)
1368 http fetch GET 200 https://registry.npmjs.org/@isaacs/fs-minipass/-/fs-minipass-4.0.1.tgz 3507ms (cache miss)
1369 http fetch GET 200 https://registry.npmjs.org/@inquirer/rawlist/-/rawlist-4.0.2.tgz 3507ms (cache miss)
1370 http fetch GET 200 https://registry.npmjs.org/@inquirer/expand/-/expand-4.0.2.tgz 3508ms (cache miss)
1371 http fetch GET 200 https://registry.npmjs.org/@inquirer/password/-/password-4.0.2.tgz 3509ms (cache miss)
1372 http fetch GET 200 https://registry.npmjs.org/@inquirer/prompts/-/prompts-7.1.0.tgz 3510ms (cache miss)
1373 http fetch GET 200 https://registry.npmjs.org/@inquirer/input/-/input-4.0.2.tgz 3509ms (cache miss)
1374 http fetch GET 200 https://registry.npmjs.org/@inquirer/search/-/search-3.0.2.tgz 3509ms (cache miss)
1375 http fetch GET 200 https://registry.npmjs.org/@inquirer/figures/-/figures-1.0.8.tgz 3510ms (cache miss)
1376 http fetch GET 200 https://registry.npmjs.org/@inquirer/number/-/number-3.0.2.tgz 3510ms (cache miss)
1377 http fetch GET 200 https://registry.npmjs.org/@inquirer/checkbox/-/checkbox-4.0.2.tgz 3510ms (cache miss)
1378 http fetch GET 200 https://registry.npmjs.org/@napi-rs/nice-darwin-arm64/-/nice-darwin-arm64-1.0.1.tgz 3515ms (cache miss)
1379 http fetch GET 200 https://registry.npmjs.org/@inquirer/core/-/core-10.1.0.tgz 3521ms (cache miss)
1380 http fetch GET 200 https://registry.npmjs.org/@isaacs/cliui/-/cliui-8.0.2.tgz 3548ms (cache miss)
1381 http fetch GET 200 https://registry.npmjs.org/@babel/helper-string-parser/-/helper-string-parser-7.25.9.tgz 3555ms (cache miss)
1382 http fetch GET 200 https://registry.npmjs.org/@inquirer/editor/-/editor-4.1.0.tgz 3557ms (cache miss)
1383 http fetch GET 200 https://registry.npmjs.org/@babel/template/-/template-7.25.9.tgz 3573ms (cache miss)
1384 http fetch GET 200 https://registry.npmjs.org/@inquirer/confirm/-/confirm-5.0.2.tgz 3591ms (cache miss)
1385 http fetch GET 200 https://registry.npmjs.org/@babel/helper-validator-option/-/helper-validator-option-7.25.9.tgz 3591ms (cache miss)
1386 http fetch GET 200 https://registry.npmjs.org/@babel/helper-split-export-declaration/-/helper-split-export-declaration-7.24.7.tgz 3620ms (cache miss)
1387 http fetch GET 200 https://registry.npmjs.org/@babel/helper-module-imports/-/helper-module-imports-7.25.9.tgz 3719ms (cache miss)
1388 http fetch GET 200 https://registry.npmjs.org/@babel/helper-compilation-targets/-/helper-compilation-targets-7.25.9.tgz 3720ms (cache miss)
1389 http fetch GET 200 https://registry.npmjs.org/@babel/helper-plugin-utils/-/helper-plugin-utils-7.25.9.tgz 3720ms (cache miss)
1390 http fetch GET 200 https://registry.npmjs.org/@lmdb/lmdb-darwin-arm64/-/lmdb-darwin-arm64-3.1.5.tgz 3730ms (cache miss)
1391 http fetch GET 200 https://registry.npmjs.org/@babel/traverse/-/traverse-7.25.9.tgz 3733ms (cache miss)
1392 http fetch GET 200 https://registry.npmjs.org/@babel/plugin-syntax-import-attributes/-/plugin-syntax-import-attributes-7.26.0.tgz 3749ms (cache miss)
1393 http fetch GET 200 https://registry.npmjs.org/@babel/helper-validator-identifier/-/helper-validator-identifier-7.25.9.tgz 3748ms (cache miss)
1394 http fetch GET 200 https://registry.npmjs.org/@babel/helper-annotate-as-pure/-/helper-annotate-as-pure-7.25.9.tgz 3748ms (cache miss)
1395 http fetch GET 200 https://registry.npmjs.org/@babel/code-frame/-/code-frame-7.26.2.tgz 3749ms (cache miss)
1396 http fetch GET 200 https://registry.npmjs.org/@babel/parser/-/parser-7.26.2.tgz 3818ms (cache miss)
1397 http fetch GET 200 https://registry.npmjs.org/@babel/types/-/types-7.26.0.tgz 3821ms (cache miss)
1398 http fetch GET 200 https://registry.npmjs.org/@babel/helpers/-/helpers-7.26.0.tgz 3822ms (cache miss)
1399 http fetch GET 200 https://registry.npmjs.org/@angular/platform-browser-dynamic/-/platform-browser-dynamic-19.2.7.tgz 3845ms (cache miss)
1400 http fetch GET 200 https://registry.npmjs.org/@babel/compat-data/-/compat-data-7.26.2.tgz 3867ms (cache miss)
1401 http fetch GET 200 https://registry.npmjs.org/@babel/generator/-/generator-7.26.2.tgz 3920ms (cache miss)
1402 http fetch GET 200 https://registry.npmjs.org/@angular/router/-/router-19.0.6.tgz 4061ms (cache miss)
1403 http fetch GET 200 https://registry.npmjs.org/@angular/platform-browser/-/platform-browser-19.0.6.tgz 4137ms (cache miss)
1404 http fetch GET 200 https://registry.npmjs.org/@babel/core/-/core-7.26.0.tgz 4143ms (cache miss)
1405 http fetch GET 200 https://registry.npmjs.org/@angular-devkit/core/-/core-19.0.7.tgz 4250ms (cache miss)
1406 http fetch GET 200 https://registry.npmjs.org/@angular/cli/-/cli-19.0.7.tgz 4285ms (cache miss)
1407 http fetch GET 200 https://registry.npmjs.org/@babel/helper-module-transforms/-/helper-module-transforms-7.26.0.tgz 4338ms (cache miss)
1408 http fetch GET 200 https://registry.npmjs.org/@ampproject/remapping/-/remapping-2.3.0.tgz 4335ms (cache miss)
1409 http fetch GET 200 https://registry.npmjs.org/@angular/animations/-/animations-19.0.6.tgz 4351ms (cache miss)
1410 http fetch GET 200 https://registry.npmjs.org/@angular-devkit/architect/-/architect-0.1900.7.tgz 4358ms (cache miss)
1411 http fetch GET 200 https://registry.npmjs.org/@angular/build/-/build-19.0.7.tgz 4372ms (cache miss)
1412 http fetch GET 200 https://registry.npmjs.org/string-width/-/string-width-4.2.3.tgz 4501ms (cache miss)
1413 http fetch GET 200 https://registry.npmjs.org/emoji-regex/-/emoji-regex-8.0.0.tgz 4501ms (cache miss)
1414 http fetch GET 200 https://registry.npmjs.org/emoji-regex/-/emoji-regex-8.0.0.tgz 4502ms (cache miss)
1415 http fetch GET 200 https://registry.npmjs.org/string-width/-/string-width-4.2.3.tgz 4503ms (cache miss)
1416 http fetch GET 200 https://registry.npmjs.org/ansi-styles/-/ansi-styles-4.3.0.tgz 4512ms (cache miss)
1417 http fetch GET 200 https://registry.npmjs.org/string-width/-/string-width-4.2.3.tgz 4513ms (cache miss)
1418 http fetch GET 200 https://registry.npmjs.org/is-fullwidth-code-point/-/is-fullwidth-code-point-3.0.0.tgz 4515ms (cache miss)
1419 http fetch GET 200 https://registry.npmjs.org/@angular/compiler/-/compiler-19.0.6.tgz 4550ms (cache miss)
1420 http fetch GET 200 https://registry.npmjs.org/ansi-styles/-/ansi-styles-4.3.0.tgz 4592ms (cache miss)
1421 http fetch GET 200 https://registry.npmjs.org/emoji-regex/-/emoji-regex-8.0.0.tgz 4593ms (cache miss)
1422 http fetch GET 200 https://registry.npmjs.org/is-fullwidth-code-point/-/is-fullwidth-code-point-3.0.0.tgz 4596ms (cache miss)
1423 http fetch GET 200 https://registry.npmjs.org/make-fetch-happen/-/make-fetch-happen-14.0.3.tgz 4682ms (cache miss)
1424 http fetch GET 200 https://registry.npmjs.org/minipass-fetch/-/minipass-fetch-4.0.0.tgz 4686ms (cache miss)
1425 http fetch GET 200 https://registry.npmjs.org/yallist/-/yallist-4.0.0.tgz 4712ms (cache miss)
1426 http fetch GET 200 https://registry.npmjs.org/@angular/material/-/material-19.2.10.tgz 4717ms (cache miss)
1427 http fetch GET 200 https://registry.npmjs.org/@npmcli/agent/-/agent-3.0.0.tgz 4713ms (cache miss)
1428 http fetch GET 200 https://registry.npmjs.org/fs-minipass/-/fs-minipass-2.1.0.tgz 4712ms (cache miss)
1429 http fetch GET 200 https://registry.npmjs.org/minipass/-/minipass-3.3.6.tgz 4713ms (cache miss)
1430 http fetch GET 200 https://registry.npmjs.org/esbuild/-/esbuild-0.21.5.tgz 4714ms (cache miss)
1431 http fetch GET 200 https://registry.npmjs.org/lru-cache/-/lru-cache-10.4.3.tgz 4715ms (cache miss)
1432 http fetch GET 200 https://registry.npmjs.org/@angular/compiler-cli/-/compiler-cli-19.0.6.tgz 4739ms (cache miss)
1433 http fetch GET 200 https://registry.npmjs.org/emoji-regex/-/emoji-regex-8.0.0.tgz 4859ms (cache miss)
1434 http fetch GET 200 https://registry.npmjs.org/minizlib/-/minizlib-3.0.1.tgz 4860ms (cache miss)
1435 http fetch GET 200 https://registry.npmjs.org/is-fullwidth-code-point/-/is-fullwidth-code-point-3.0.0.tgz 4860ms (cache miss)
1436 http fetch GET 200 https://registry.npmjs.org/strip-ansi/-/strip-ansi-7.1.0.tgz 4860ms (cache miss)
1437 http fetch GET 200 https://registry.npmjs.org/onetime/-/onetime-5.1.2.tgz 4860ms (cache miss)
1438 http fetch GET 200 https://registry.npmjs.org/negotiator/-/negotiator-1.0.0.tgz 4860ms (cache miss)
1439 http fetch GET 200 https://registry.npmjs.org/ansi-regex/-/ansi-regex-6.1.0.tgz 4861ms (cache miss)
1440 http fetch GET 200 https://registry.npmjs.org/minipass/-/minipass-5.0.0.tgz 4863ms (cache miss)
1441 http fetch GET 200 https://registry.npmjs.org/@angular/common/-/common-19.0.6.tgz 4917ms (cache miss)
1442 http fetch GET 200 https://registry.npmjs.org/cli-cursor/-/cli-cursor-3.1.0.tgz 5025ms (cache miss)
1443 http fetch GET 200 https://registry.npmjs.org/restore-cursor/-/restore-cursor-3.1.0.tgz 5026ms (cache miss)
1444 http fetch GET 200 https://registry.npmjs.org/@angular/core/-/core-19.0.6.tgz 5039ms (cache miss)
1445 http fetch GET 200 https://registry.npmjs.org/which/-/which-4.0.0.tgz 5071ms (cache miss)
1446 http fetch GET 200 https://registry.npmjs.org/negotiator/-/negotiator-1.0.0.tgz 5080ms (cache miss)
1447 http fetch GET 200 https://registry.npmjs.org/minizlib/-/minizlib-3.0.1.tgz 5081ms (cache miss)
1448 http fetch GET 200 https://registry.npmjs.org/signal-exit/-/signal-exit-3.0.7.tgz 5097ms (cache miss)
1449 http fetch GET 200 https://registry.npmjs.org/minipass-fetch/-/minipass-fetch-4.0.0.tgz 5113ms (cache miss)
1450 http fetch GET 200 https://registry.npmjs.org/lru-cache/-/lru-cache-10.4.3.tgz 5113ms (cache miss)
1451 http fetch GET 200 https://registry.npmjs.org/make-fetch-happen/-/make-fetch-happen-14.0.3.tgz 5116ms (cache miss)
1452 http fetch GET 200 https://registry.npmjs.org/yallist/-/yallist-4.0.0.tgz 5156ms (cache miss)
1453 http fetch GET 200 https://registry.npmjs.org/@npmcli/agent/-/agent-3.0.0.tgz 5156ms (cache miss)
1454 http fetch GET 200 https://registry.npmjs.org/@esbuild/darwin-arm64/-/darwin-arm64-0.24.0.tgz 5166ms (cache miss)
1455 http fetch GET 200 https://registry.npmjs.org/lru-cache/-/lru-cache-10.4.3.tgz 5166ms (cache miss)
1456 http fetch GET 200 https://registry.npmjs.org/minipass/-/minipass-3.3.6.tgz 5178ms (cache miss)
1457 http fetch GET 200 https://registry.npmjs.org/yallist/-/yallist-4.0.0.tgz 5186ms (cache miss)
1458 http fetch GET 200 https://registry.npmjs.org/is-fullwidth-code-point/-/is-fullwidth-code-point-3.0.0.tgz 5189ms (cache miss)
1459 http fetch GET 200 https://registry.npmjs.org/yallist/-/yallist-4.0.0.tgz 5186ms (cache miss)
1460 http fetch GET 200 https://registry.npmjs.org/proc-log/-/proc-log-4.2.0.tgz 5187ms (cache miss)
1461 http fetch GET 200 https://registry.npmjs.org/minipass/-/minipass-3.3.6.tgz 5188ms (cache miss)
1462 http fetch GET 200 https://registry.npmjs.org/yallist/-/yallist-4.0.0.tgz 5197ms (cache miss)
1463 http fetch GET 200 https://registry.npmjs.org/minipass/-/minipass-3.3.6.tgz 5221ms (cache miss)
1464 http fetch GET 200 https://registry.npmjs.org/minipass/-/minipass-3.3.6.tgz 5263ms (cache miss)
1465 http fetch GET 200 https://registry.npmjs.org/ssri/-/ssri-10.0.6.tgz 5263ms (cache miss)
1466 http fetch GET 200 https://registry.npmjs.org/proc-log/-/proc-log-4.2.0.tgz 5261ms (cache miss)
1467 http fetch GET 200 https://registry.npmjs.org/picomatch/-/picomatch-2.3.1.tgz 5264ms (cache miss)
1468 http fetch GET 200 https://registry.npmjs.org/unique-slug/-/unique-slug-4.0.0.tgz 5265ms (cache miss)
1469 http fetch GET 200 https://registry.npmjs.org/p-map/-/p-map-4.0.0.tgz 5262ms (cache miss)
1470 http fetch GET 200 https://registry.npmjs.org/unique-filename/-/unique-filename-3.0.0.tgz 5263ms (cache miss)
1471 http fetch GET 200 https://registry.npmjs.org/is-fullwidth-code-point/-/is-fullwidth-code-point-5.0.0.tgz 5262ms (cache miss)
1472 http fetch GET 200 https://registry.npmjs.org/wrap-ansi/-/wrap-ansi-9.0.0.tgz 5262ms (cache miss)
1473 http fetch GET 200 https://registry.npmjs.org/@angular-devkit/schematics/-/schematics-19.0.7.tgz 5277ms (cache miss)
1474 http fetch GET 200 https://registry.npmjs.org/ansi-regex/-/ansi-regex-6.1.0.tgz 5326ms (cache miss)
1475 http fetch GET 200 https://registry.npmjs.org/@npmcli/fs/-/fs-3.1.1.tgz 5328ms (cache miss)
1476 http fetch GET 200 https://registry.npmjs.org/ansi-escapes/-/ansi-escapes-7.0.0.tgz 5327ms (cache miss)
1477 http fetch GET 200 https://registry.npmjs.org/ansi-regex/-/ansi-regex-6.1.0.tgz 5338ms (cache miss)
1478 http fetch GET 200 https://registry.npmjs.org/wrap-ansi/-/wrap-ansi-9.0.0.tgz 5352ms (cache miss)
1479 http fetch GET 200 https://registry.npmjs.org/slice-ansi/-/slice-ansi-7.1.0.tgz 5351ms (cache miss)
1480 http fetch GET 200 https://registry.npmjs.org/eventemitter3/-/eventemitter3-5.0.1.tgz 5350ms (cache miss)
1481 http fetch GET 200 https://registry.npmjs.org/lru-cache/-/lru-cache-10.4.3.tgz 5353ms (cache miss)
1482 http fetch GET 200 https://registry.npmjs.org/strip-ansi/-/strip-ansi-7.1.0.tgz 5364ms (cache miss)
1483 http fetch GET 200 https://registry.npmjs.org/lru-cache/-/lru-cache-10.4.3.tgz 5367ms (cache miss)
1484 http fetch GET 200 https://registry.npmjs.org/cacache/-/cacache-18.0.4.tgz 5361ms (cache miss)
1485 http fetch GET 200 https://registry.npmjs.org/which/-/which-2.0.2.tgz 5371ms (cache miss)
1486 http fetch GET 200 https://registry.npmjs.org/wrap-ansi/-/wrap-ansi-7.0.0.tgz 5459ms (cache miss)
1487 http fetch GET 200 https://registry.npmjs.org/strip-ansi/-/strip-ansi-7.1.0.tgz 5460ms (cache miss)
1488 http fetch GET 200 https://registry.npmjs.org/emoji-regex/-/emoji-regex-8.0.0.tgz 5458ms (cache miss)
1489 http fetch GET 200 https://registry.npmjs.org/string-width/-/string-width-4.2.3.tgz 5459ms (cache miss)
1490 http fetch GET 200 https://registry.npmjs.org/ansi-styles/-/ansi-styles-4.3.0.tgz 5456ms (cache miss)
1491 http fetch GET 200 https://registry.npmjs.org/isexe/-/isexe-2.0.0.tgz 5461ms (cache miss)
1492 http fetch GET 200 https://registry.npmjs.org/is-fullwidth-code-point/-/is-fullwidth-code-point-3.0.0.tgz 5457ms (cache miss)
1493 http fetch GET 200 https://registry.npmjs.org/ansi-styles/-/ansi-styles-4.3.0.tgz 5456ms (cache miss)
1494 http fetch GET 200 https://registry.npmjs.org/minizlib/-/minizlib-3.0.1.tgz 5463ms (cache miss)
1495 http fetch GET 200 https://registry.npmjs.org/@esbuild/darwin-arm64/-/darwin-arm64-0.21.5.tgz 5487ms (cache miss)
1496 http fetch GET 200 https://registry.npmjs.org/mkdirp/-/mkdirp-3.0.1.tgz 5471ms (cache miss)
1497 http fetch GET 200 https://registry.npmjs.org/iconv-lite/-/iconv-lite-0.6.3.tgz 5493ms (cache miss)
1498 http fetch GET 200 https://registry.npmjs.org/detect-libc/-/detect-libc-1.0.3.tgz 5502ms (cache miss)
1499 http fetch GET 200 https://registry.npmjs.org/minipass-fetch/-/minipass-fetch-4.0.0.tgz 5511ms (cache miss)
1500 http fetch GET 200 https://registry.npmjs.org/chownr/-/chownr-3.0.0.tgz 5514ms (cache miss)
1501 http fetch GET 200 https://registry.npmjs.org/minizlib/-/minizlib-3.0.1.tgz 5524ms (cache miss)
1502 http fetch GET 200 https://registry.npmjs.org/lru-cache/-/lru-cache-10.4.3.tgz 5536ms (cache miss)
1503 http fetch GET 200 https://registry.npmjs.org/negotiator/-/negotiator-1.0.0.tgz 5556ms (cache miss)
1504 http fetch GET 200 https://registry.npmjs.org/mute-stream/-/mute-stream-1.0.0.tgz 5556ms (cache miss)
1505 http fetch GET 200 https://registry.npmjs.org/make-fetch-happen/-/make-fetch-happen-14.0.3.tgz 5557ms (cache miss)
1506 http fetch GET 200 https://registry.npmjs.org/@npmcli/agent/-/agent-3.0.0.tgz 5568ms (cache miss)
1507 http fetch GET 200 https://registry.npmjs.org/wrap-ansi/-/wrap-ansi-8.1.0.tgz 5567ms (cache miss)
1508 http fetch GET 200 https://registry.npmjs.org/yallist/-/yallist-5.0.0.tgz 5570ms (cache miss)
1509 http fetch GET 200 https://registry.npmjs.org/lru-cache/-/lru-cache-10.4.3.tgz 5572ms (cache miss)
1510 http fetch GET 200 https://registry.npmjs.org/node-addon-api/-/node-addon-api-7.1.1.tgz 5576ms (cache miss)
1511 http fetch GET 200 https://registry.npmjs.org/ansi-regex/-/ansi-regex-6.1.0.tgz 5594ms (cache miss)
1512 http fetch GET 200 https://registry.npmjs.org/@inquirer/type/-/type-1.5.5.tgz 5594ms (cache miss)
1513 http fetch GET 200 https://registry.npmjs.org/strip-ansi/-/strip-ansi-7.1.0.tgz 5595ms (cache miss)
1514 http fetch GET 200 https://registry.npmjs.org/string-width/-/string-width-5.1.2.tgz 5596ms (cache miss)
1515 http fetch GET 200 https://registry.npmjs.org/emoji-regex/-/emoji-regex-9.2.2.tgz 5634ms (cache miss)
1516 http fetch GET 200 https://registry.npmjs.org/convert-source-map/-/convert-source-map-2.0.0.tgz 5635ms (cache miss)
1517 http fetch GET 200 https://registry.npmjs.org/semver/-/semver-6.3.1.tgz 5636ms (cache miss)
1518 http fetch GET 200 https://registry.npmjs.org/semver/-/semver-6.3.1.tgz 5684ms (cache miss)
1519 http fetch GET 200 https://registry.npmjs.org/tar/-/tar-7.4.3.tgz 5721ms (cache miss)
1520 http fetch GET 200 https://registry.npmjs.org/nanoid 5307ms (cache miss)
1521 silly packumentCache corgi:https://registry.npmjs.org/nanoid set size:undefined disposed:false
1522 http fetch GET 200 https://registry.npmjs.org/lru-cache/-/lru-cache-10.4.3.tgz 5765ms (cache miss)
1523 http fetch GET 200 https://registry.npmjs.org/esbuild 5333ms (cache miss)
1524 silly packumentCache corgi:https://registry.npmjs.org/esbuild set size:undefined disposed:false
1525 http fetch GET 200 https://registry.npmjs.org/lru-cache/-/lru-cache-10.4.3.tgz 5774ms (cache miss)
1526 http fetch GET 200 https://registry.npmjs.org/vite 5343ms (cache miss)
1527 silly packumentCache corgi:https://registry.npmjs.org/vite set size:undefined disposed:false
1528 http fetch GET 200 https://registry.npmjs.org/@babel%2fhelpers 5989ms (cache miss)
1529 silly packumentCache corgi:https://registry.npmjs.org/@babel%2fhelpers set size:undefined disposed:false
1530 silly packumentCache corgi:https://registry.npmjs.org/@babel%2fcore cache-miss
1531 http fetch GET 200 https://registry.npmjs.org/@babel%2fcore 81ms (cache miss)
1532 silly packumentCache corgi:https://registry.npmjs.org/@babel%2fcore set size:undefined disposed:false
1533 silly packumentCache corgi:https://registry.npmjs.org/@angular%2fbuild cache-miss
1534 http fetch GET 200 https://registry.npmjs.org/@angular%2fbuild 134ms (cache miss)
1535 silly packumentCache corgi:https://registry.npmjs.org/@angular%2fbuild set size:undefined disposed:false
1536 silly packumentCache corgi:https://registry.npmjs.org/postcss cache-miss
1537 http fetch GET 200 https://registry.npmjs.org/postcss 95ms (cache miss)
1538 silly packumentCache corgi:https://registry.npmjs.org/postcss set size:undefined disposed:false
1539 http fetch GET 200 https://registry.npmjs.org/@angular/forms/-/forms-19.0.6.tgz 6832ms (cache miss)
1540 verbose stack Error: process terminated
1540 verbose stack     at /usr/local/lib/node_modules/npm/node_modules/@npmcli/arborist/lib/arborist/reify.js:293:39
1540 verbose stack     at process.<anonymous> (/usr/local/lib/node_modules/npm/node_modules/@npmcli/arborist/lib/signal-handling.js:53:5)
1540 verbose stack     at process.emit (node:events:518:28)
1541 error process terminated
1542 error signal SIGINT
1543 silly unfinished npm timer reify 1745291141438
1544 verbose cwd /Users/brodynelson/Library/CloudStorage/OneDrive-UniversityofMissouri/PROJECTS/project
1545 verbose os Darwin 24.5.0
1546 verbose node v22.14.0
1547 verbose npm  v10.9.2
1548 notice
1548 notice New [31mmajor[39m version of npm available! [31m10.9.2[39m -> [34m11.3.0[39m
1548 notice Changelog: [34mhttps://github.com/npm/cli/releases/tag/v11.3.0[39m
1548 notice To update run: [4mnpm install -g npm@11.3.0[24m
1548 notice  { force: true, [Symbol(proc-log.meta)]: true }
1549 verbose exit 1
1550 verbose code 1
1551 error A complete log of this run can be found in: /Users/brodynelson/Library/CloudStorage/OneDrive-UniversityofMissouri/PROJECTS/project/npm-cache/_logs/2025-04-22T03_05_41_288Z-debug-0.log
